parent,candidate,path,change,category,before_sha,after_sha
ORIGINAL_BASELINE.apk,zhiui-final-v2.apk,AndroidManifest.xml,modified,AndroidManifest.xml,73FC33B7D8AA6AB09917334ADCA33638C6D091D6A4F9FED6B4CE12B930886BC6,8708F67009CA351DE6558D19E6E686C73115F09AFF419BE0741F0EA050017900
ORIGINAL_BASELINE.apk,zhiui-final-v2.apk,apktool.yml,modified,apktool.yml,F3AA7A81C3BDCA2C3A5300576B9ACB54029DBF045F884AB7571B114180A6B32E,277B61FD29D754EC60EFC962AB75FE0F8FB9AFA7D2325B4F60FC79536A0101FF
ORIGINAL_BASELINE.apk,zhiui-final-v2.apk,original/AndroidManifest.xml,modified,original,A75CF92E7D18C1D4E7099302DD4B1B02DA4BA8DF922E39A56790924E418A59AB,B6872428CFDC6392B10007D745C0DEBD09B09AA6AC9EECE60035D27CBCE65A70
ORIGINAL_BASELINE.apk,zhiui-final-v2.apk,original/META-INF/MANIFEST.MF,added,original,,AE1A8EFC13F6523DC0434093B7F52186242E1B4A6C0CC523E42EA04276D16001
ORIGINAL_BASELINE.apk,zhiui-final-v2.apk,original/META-INF/ZHIUI.RSA,added,original,,7843F10DB973A6045243675A42E1E482AECEBDD5AD14E477E710D8D12F0E97F9
ORIGINAL_BASELINE.apk,zhiui-final-v2.apk,original/META-INF/ZHIUI.SF,added,original,,240C0841506046D3DCDA5300F80E36CEAF65F850E4586D2E57143D3EACA7DA38
ORIGINAL_BASELINE.apk,zhiui-final-v2.apk,res/drawable-hdpi/abc_list_pressed_holo_dark.9.png,modified,res,FDE815FA5C3267D58CE96698035DD6867C6DAA573EC498DFC755C60F9445A677,0F939AD7987B8E8440BEBFC7B20CD9BB042E95C9041F4485CF280E13CDE8F7B2
ORIGINAL_BASELINE.apk,zhiui-final-v2.apk,res/drawable-hdpi/abc_list_selector_disabled_holo_dark.9.png,modified,res,FDE815FA5C3267D58CE96698035DD6867C6DAA573EC498DFC755C60F9445A677,0F939AD7987B8E8440BEBFC7B20CD9BB042E95C9041F4485CF280E13CDE8F7B2
ORIGINAL_BASELINE.apk,zhiui-final-v2.apk,res/drawable-hdpi/ic_call_answer_low.png,modified,res,A4D4C009619311D9B83904ACFD62FE3B7F918C312522BBCC6AD51CDEC4FD1EDF,E9EA8426B0ADBF89B9D303A897BBE38BBBF930FFB1885DC9F41B4DF9685A1CF5
ORIGINAL_BASELINE.apk,zhiui-final-v2.apk,res/drawable-hdpi/ic_call_answer_video_low.png,modified,res,A4D4C009619311D9B83904ACFD62FE3B7F918C312522BBCC6AD51CDEC4FD1EDF,E9EA8426B0ADBF89B9D303A897BBE38BBBF930FFB1885DC9F41B4DF9685A1CF5
ORIGINAL_BASELINE.apk,zhiui-final-v2.apk,res/drawable-hdpi/ic_call_decline_low.png,modified,res,A4D4C009619311D9B83904ACFD62FE3B7F918C312522BBCC6AD51CDEC4FD1EDF,E9EA8426B0ADBF89B9D303A897BBE38BBBF930FFB1885DC9F41B4DF9685A1CF5
ORIGINAL_BASELINE.apk,zhiui-final-v2.apk,res/drawable-ldpi/ic_call_answer_low.png,modified,res,A4D4C009619311D9B83904ACFD62FE3B7F918C312522BBCC6AD51CDEC4FD1EDF,E9EA8426B0ADBF89B9D303A897BBE38BBBF930FFB1885DC9F41B4DF9685A1CF5
ORIGINAL_BASELINE.apk,zhiui-final-v2.apk,res/drawable-ldpi/ic_call_answer_video_low.png,modified,res,A4D4C009619311D9B83904ACFD62FE3B7F918C312522BBCC6AD51CDEC4FD1EDF,E9EA8426B0ADBF89B9D303A897BBE38BBBF930FFB1885DC9F41B4DF9685A1CF5
ORIGINAL_BASELINE.apk,zhiui-final-v2.apk,res/drawable-ldpi/ic_call_decline_low.png,modified,res,A4D4C009619311D9B83904ACFD62FE3B7F918C312522BBCC6AD51CDEC4FD1EDF,E9EA8426B0ADBF89B9D303A897BBE38BBBF930FFB1885DC9F41B4DF9685A1CF5
ORIGINAL_BASELINE.apk,zhiui-final-v2.apk,res/drawable-mdpi/abc_list_pressed_holo_dark.9.png,modified,res,FDE815FA5C3267D58CE96698035DD6867C6DAA573EC498DFC755C60F9445A677,0F939AD7987B8E8440BEBFC7B20CD9BB042E95C9041F4485CF280E13CDE8F7B2
ORIGINAL_BASELINE.apk,zhiui-final-v2.apk,res/drawable-mdpi/abc_list_selector_disabled_holo_dark.9.png,modified,res,FDE815FA5C3267D58CE96698035DD6867C6DAA573EC498DFC755C60F9445A677,0F939AD7987B8E8440BEBFC7B20CD9BB042E95C9041F4485CF280E13CDE8F7B2
ORIGINAL_BASELINE.apk,zhiui-final-v2.apk,res/drawable-mdpi/ic_call_answer_low.png,modified,res,A4D4C009619311D9B83904ACFD62FE3B7F918C312522BBCC6AD51CDEC4FD1EDF,E9EA8426B0ADBF89B9D303A897BBE38BBBF930FFB1885DC9F41B4DF9685A1CF5
ORIGINAL_BASELINE.apk,zhiui-final-v2.apk,res/drawable-mdpi/ic_call_answer_video_low.png,modified,res,A4D4C009619311D9B83904ACFD62FE3B7F918C312522BBCC6AD51CDEC4FD1EDF,E9EA8426B0ADBF89B9D303A897BBE38BBBF930FFB1885DC9F41B4DF9685A1CF5
ORIGINAL_BASELINE.apk,zhiui-final-v2.apk,res/drawable-mdpi/ic_call_decline_low.png,modified,res,A4D4C009619311D9B83904ACFD62FE3B7F918C312522BBCC6AD51CDEC4FD1EDF,E9EA8426B0ADBF89B9D303A897BBE38BBBF930FFB1885DC9F41B4DF9685A1CF5
ORIGINAL_BASELINE.apk,zhiui-final-v2.apk,res/drawable-nodpi/control_ac_ac0.png,modified,res,A4D4C009619311D9B83904ACFD62FE3B7F918C312522BBCC6AD51CDEC4FD1EDF,E9EA8426B0ADBF89B9D303A897BBE38BBBF930FFB1885DC9F41B4DF9685A1CF5
ORIGINAL_BASELINE.apk,zhiui-final-v2.apk,res/drawable-nodpi/control_ac_ac1.png,modified,res,A4D4C009619311D9B83904ACFD62FE3B7F918C312522BBCC6AD51CDEC4FD1EDF,E9EA8426B0ADBF89B9D303A897BBE38BBBF930FFB1885DC9F41B4DF9685A1CF5
ORIGINAL_BASELINE.apk,zhiui-final-v2.apk,res/drawable-nodpi/control_child_lock_left1.png,modified,res,A4D4C009619311D9B83904ACFD62FE3B7F918C312522BBCC6AD51CDEC4FD1EDF,E9EA8426B0ADBF89B9D303A897BBE38BBBF930FFB1885DC9F41B4DF9685A1CF5
ORIGINAL_BASELINE.apk,zhiui-final-v2.apk,res/drawable-nodpi/control_child_lock_left2.png,modified,res,A4D4C009619311D9B83904ACFD62FE3B7F918C312522BBCC6AD51CDEC4FD1EDF,E9EA8426B0ADBF89B9D303A897BBE38BBBF930FFB1885DC9F41B4DF9685A1CF5
ORIGINAL_BASELINE.apk,zhiui-final-v2.apk,res/drawable-nodpi/control_child_lock_right1.png,modified,res,A4D4C009619311D9B83904ACFD62FE3B7F918C312522BBCC6AD51CDEC4FD1EDF,E9EA8426B0ADBF89B9D303A897BBE38BBBF930FFB1885DC9F41B4DF9685A1CF5
ORIGINAL_BASELINE.apk,zhiui-final-v2.apk,res/drawable-nodpi/control_child_lock_right2.png,modified,res,A4D4C009619311D9B83904ACFD62FE3B7F918C312522BBCC6AD51CDEC4FD1EDF,E9EA8426B0ADBF89B9D303A897BBE38BBBF930FFB1885DC9F41B4DF9685A1CF5
ORIGINAL_BASELINE.apk,zhiui-final-v2.apk,res/drawable-nodpi/control_slope_descent1.png,modified,res,A4D4C009619311D9B83904ACFD62FE3B7F918C312522BBCC6AD51CDEC4FD1EDF,E9EA8426B0ADBF89B9D303A897BBE38BBBF930FFB1885DC9F41B4DF9685A1CF5
ORIGINAL_BASELINE.apk,zhiui-final-v2.apk,res/drawable-nodpi/control_window_all_close.png,modified,res,A4D4C009619311D9B83904ACFD62FE3B7F918C312522BBCC6AD51CDEC4FD1EDF,E9EA8426B0ADBF89B9D303A897BBE38BBBF930FFB1885DC9F41B4DF9685A1CF5
ORIGINAL_BASELINE.apk,zhiui-final-v2.apk,res/drawable-nodpi/control_window_all_open.png,modified,res,A4D4C009619311D9B83904ACFD62FE3B7F918C312522BBCC6AD51CDEC4FD1EDF,E9EA8426B0ADBF89B9D303A897BBE38BBBF930FFB1885DC9F41B4DF9685A1CF5
ORIGINAL_BASELINE.apk,zhiui-final-v2.apk,res/drawable-nodpi/control_wirecharge1.png,modified,res,A4D4C009619311D9B83904ACFD62FE3B7F918C312522BBCC6AD51CDEC4FD1EDF,E9EA8426B0ADBF89B9D303A897BBE38BBBF930FFB1885DC9F41B4DF9685A1CF5
ORIGINAL_BASELINE.apk,zhiui-final-v2.apk,res/drawable-nodpi/control_wirecharge2.png,modified,res,A4D4C009619311D9B83904ACFD62FE3B7F918C312522BBCC6AD51CDEC4FD1EDF,E9EA8426B0ADBF89B9D303A897BBE38BBBF930FFB1885DC9F41B4DF9685A1CF5
ORIGINAL_BASELINE.apk,zhiui-final-v2.apk,res/drawable-nodpi/widget_car_ty_vertical.png,modified,res,A4D4C009619311D9B83904ACFD62FE3B7F918C312522BBCC6AD51CDEC4FD1EDF,E9EA8426B0ADBF89B9D303A897BBE38BBBF930FFB1885DC9F41B4DF9685A1CF5
ORIGINAL_BASELINE.apk,zhiui-final-v2.apk,res/drawable-nodpi/widget_control_trunck0.png,modified,res,A4D4C009619311D9B83904ACFD62FE3B7F918C312522BBCC6AD51CDEC4FD1EDF,E9EA8426B0ADBF89B9D303A897BBE38BBBF930FFB1885DC9F41B4DF9685A1CF5
ORIGINAL_BASELINE.apk,zhiui-final-v2.apk,res/drawable-nodpi/widget_music_cover.png,modified,res,A4D4C009619311D9B83904ACFD62FE3B7F918C312522BBCC6AD51CDEC4FD1EDF,E9EA8426B0ADBF89B9D303A897BBE38BBBF930FFB1885DC9F41B4DF9685A1CF5
ORIGINAL_BASELINE.apk,zhiui-final-v2.apk,res/drawable-nodpi/widget_music_disc.png,modified,res,A4D4C009619311D9B83904ACFD62FE3B7F918C312522BBCC6AD51CDEC4FD1EDF,E9EA8426B0ADBF89B9D303A897BBE38BBBF930FFB1885DC9F41B4DF9685A1CF5
ORIGINAL_BASELINE.apk,zhiui-final-v2.apk,res/drawable-xhdpi/abc_list_pressed_holo_dark.9.png,modified,res,FDE815FA5C3267D58CE96698035DD6867C6DAA573EC498DFC755C60F9445A677,0F939AD7987B8E8440BEBFC7B20CD9BB042E95C9041F4485CF280E13CDE8F7B2
ORIGINAL_BASELINE.apk,zhiui-final-v2.apk,res/drawable-xhdpi/abc_list_selector_disabled_holo_dark.9.png,modified,res,FDE815FA5C3267D58CE96698035DD6867C6DAA573EC498DFC755C60F9445A677,0F939AD7987B8E8440BEBFC7B20CD9BB042E95C9041F4485CF280E13CDE8F7B2
ORIGINAL_BASELINE.apk,zhiui-final-v2.apk,res/drawable-xhdpi/ic_call_answer_low.png,modified,res,A4D4C009619311D9B83904ACFD62FE3B7F918C312522BBCC6AD51CDEC4FD1EDF,E9EA8426B0ADBF89B9D303A897BBE38BBBF930FFB1885DC9F41B4DF9685A1CF5
ORIGINAL_BASELINE.apk,zhiui-final-v2.apk,res/drawable-xhdpi/ic_call_answer_video_low.png,modified,res,A4D4C009619311D9B83904ACFD62FE3B7F918C312522BBCC6AD51CDEC4FD1EDF,E9EA8426B0ADBF89B9D303A897BBE38BBBF930FFB1885DC9F41B4DF9685A1CF5
ORIGINAL_BASELINE.apk,zhiui-final-v2.apk,res/drawable-xhdpi/ic_call_decline_low.png,modified,res,A4D4C009619311D9B83904ACFD62FE3B7F918C312522BBCC6AD51CDEC4FD1EDF,E9EA8426B0ADBF89B9D303A897BBE38BBBF930FFB1885DC9F41B4DF9685A1CF5
ORIGINAL_BASELINE.apk,zhiui-final-v2.apk,res/drawable-xxhdpi/abc_list_pressed_holo_dark.9.png,modified,res,FDE815FA5C3267D58CE96698035DD6867C6DAA573EC498DFC755C60F9445A677,0F939AD7987B8E8440BEBFC7B20CD9BB042E95C9041F4485CF280E13CDE8F7B2
ORIGINAL_BASELINE.apk,zhiui-final-v2.apk,res/drawable-xxhdpi/abc_list_selector_disabled_holo_dark.9.png,modified,res,FDE815FA5C3267D58CE96698035DD6867C6DAA573EC498DFC755C60F9445A677,0F939AD7987B8E8440BEBFC7B20CD9BB042E95C9041F4485CF280E13CDE8F7B2
ORIGINAL_BASELINE.apk,zhiui-final-v2.apk,res/drawable-xxhdpi/ic_call_answer_low.png,modified,res,A4D4C009619311D9B83904ACFD62FE3B7F918C312522BBCC6AD51CDEC4FD1EDF,E9EA8426B0ADBF89B9D303A897BBE38BBBF930FFB1885DC9F41B4DF9685A1CF5
ORIGINAL_BASELINE.apk,zhiui-final-v2.apk,res/drawable-xxhdpi/ic_call_answer_video_low.png,modified,res,A4D4C009619311D9B83904ACFD62FE3B7F918C312522BBCC6AD51CDEC4FD1EDF,E9EA8426B0ADBF89B9D303A897BBE38BBBF930FFB1885DC9F41B4DF9685A1CF5
ORIGINAL_BASELINE.apk,zhiui-final-v2.apk,res/drawable-xxhdpi/ic_call_decline_low.png,modified,res,A4D4C009619311D9B83904ACFD62FE3B7F918C312522BBCC6AD51CDEC4FD1EDF,E9EA8426B0ADBF89B9D303A897BBE38BBBF930FFB1885DC9F41B4DF9685A1CF5
ORIGINAL_BASELINE.apk,zhiui-final-v2.apk,res/drawable-xxxhdpi/ic_call_answer_low.png,modified,res,A4D4C009619311D9B83904ACFD62FE3B7F918C312522BBCC6AD51CDEC4FD1EDF,E9EA8426B0ADBF89B9D303A897BBE38BBBF930FFB1885DC9F41B4DF9685A1CF5
ORIGINAL_BASELINE.apk,zhiui-final-v2.apk,res/drawable-xxxhdpi/ic_call_answer_video_low.png,modified,res,A4D4C009619311D9B83904ACFD62FE3B7F918C312522BBCC6AD51CDEC4FD1EDF,E9EA8426B0ADBF89B9D303A897BBE38BBBF930FFB1885DC9F41B4DF9685A1CF5
ORIGINAL_BASELINE.apk,zhiui-final-v2.apk,res/drawable-xxxhdpi/ic_call_decline_low.png,modified,res,A4D4C009619311D9B83904ACFD62FE3B7F918C312522BBCC6AD51CDEC4FD1EDF,E9EA8426B0ADBF89B9D303A897BBE38BBBF930FFB1885DC9F41B4DF9685A1CF5
ORIGINAL_BASELINE.apk,zhiui-final-v2.apk,res/drawable/widget_card_add_bg.xml,modified,res,1390A9EC1BC0899BA4F3BFF7DEA73189DF0D781AB29D5FABD90A2D19E725CC51,3F2DD67195DB92BCF880C0E0D77A5882186C4877426D529E1690E14E32939514
ORIGINAL_BASELINE.apk,zhiui-final-v2.apk,res/drawable/widget_card_bg.xml,modified,res,598F65D808C104E187C62C63AC6199B14F1C318C21932F0D5A75DCA576B6F055,AE991C6640BC0D53CBCEA35EF5B51B55DA6671C8AAB509D7AA4671B4B5026981
ORIGINAL_BASELINE.apk,zhiui-final-v2.apk,res/layout/activity_main.xml,modified,res,F7754D21AB8EF87CED7BE47AE4B7F3BE76EFFCA4DC6B9F3DFB5EE030BCCDDB3C,827178F3590D0F1475D8E77A479196EEFA4B2B3046ED2EC3864E0C0E03574A32
ORIGINAL_BASELINE.apk,zhiui-final-v2.apk,res/layout/dialog_settings.xml,modified,res,525488DC70E4E8226F14913F3F982499569DB2B4775C8EA811761E546B18E283,D3BBFB7E542417F0A0C7CB2773C9495F531CF980AFC447A846DC5B30CAF4D4A7
ORIGINAL_BASELINE.apk,zhiui-final-v2.apk,res/layout/nav_bar.xml,modified,res,81C80E211C78AA6DBF5A4BBA0E13B1410C2A7E43534A71956916B1F5844F53A6,BD0A0198F2A62AAFB5921E2FC5EEC962E8C2A79496D0B1DB922C299370121B29
ORIGINAL_BASELINE.apk,zhiui-final-v2.apk,res/layout/status_bar.xml,modified,res,671405C5412F0EF50662BEF3AB8D592A09EED5F51DA37B2EF951A8F891DF9572,8EB6C03AA295CAA7877A79F5DDD1E0ADB98825FC28514B2464B18C805F095CB8
ORIGINAL_BASELINE.apk,zhiui-final-v2.apk,res/layout/vehicle_control_panel.xml,modified,res,96F84B2BE4C3F9373E39D4212DAE69EFA7E89225A861C41E7DA6CA9E6F2B9798,3EBE3DFAAC7248F0C57612CE86A3A226E3F0C33361E8AEFC97326E05CD0E9AF2
ORIGINAL_BASELINE.apk,zhiui-final-v2.apk,res/layout/widget_bar.xml,modified,res,2FD9E2EA276A4000F6E8B93B8FD5D564D8A0D410516CC8D8EE991BCC753F4D08,4335E874C2BECF5A6ED9EEB410A5F5D5A5E49BE83847489A23A515C5198E28B5
ORIGINAL_BASELINE.apk,zhiui-final-v2.apk,res/layout/widget_card_add.xml,modified,res,99DF972AB56C1F940296BC785A76E5F2E9932E08172D567F1C1AEBF0C2383A63,E021FF7E6F075284CC1EAD8F37A1CD8AFD388269D1FEFF9728B56CD69149137E
ORIGINAL_BASELINE.apk,zhiui-final-v2.apk,res/layout/widget_card_app.xml,modified,res,D1CFA0EA2BAEFD2EA93E141B2C02298E46837B3A5F2D6F27EC2A6A7443500017,681773A0D366C0DD4F9F181DAA7831B13098274DC8D82BB82843ED9393CD7AE8
ORIGINAL_BASELINE.apk,zhiui-final-v2.apk,res/layout/widget_card_environment.xml,modified,res,7A6AAA77E1E077F4554B39A42A02F878E0D7F093A62682AFFF5558945BC727D5,CE9E49C8ABBE47138AA7992E6762E9CDCF2AF93EA59A93D8EF1560FDDD85DE17
ORIGINAL_BASELINE.apk,zhiui-final-v2.apk,res/layout/widget_card_launcher.xml,modified,res,D1C9BDFE8C0F1D2F5577BC7FB167A959B32B3DE790AAC24115F00F2900C7A720,C3B8F1B65AB8BD38AFE25D09CF9A75E30A1CD12664CE3DD08E4108F45A4E853E
ORIGINAL_BASELINE.apk,zhiui-final-v2.apk,res/layout/widget_card_map.xml,modified,res,2447E1445934E4B959F459D27E7E41618F67C567B5868DE8122BB0EBB1A56A2C,607C270043F5D869FDD4235874150DC63B328BE18CC85E44546FBC9AF0FE30E8
ORIGINAL_BASELINE.apk,zhiui-final-v2.apk,res/layout/widget_card_music.xml,modified,res,8A6E3D32871932867B44F26A071F8965C8C62D54185DDE4C97B1F10713EFFB7B,85DFF3E5E6AEDF11406928844D32235BB737FE08327AE63E48EA523C4530BB90
ORIGINAL_BASELINE.apk,zhiui-final-v2.apk,res/layout/widget_card_settings.xml,modified,res,364212129006ACE08D89E6BE74A0C653D383191816B8DE67D0998C221B930393,F8CA712C98A22CBF361CEA1683F34211A759CB902C351174F0C61C8ABFC6C1EA
ORIGINAL_BASELINE.apk,zhiui-final-v2.apk,res/layout/widget_card_trip.xml,modified,res,5416FA7AD5B104CCE4B0F1601BE998F27565197C3152206AF15F167DB6E28892,99974F1011498A92B4C8FF090F8F44998D0C3BE1772FAAA1995CFFD6801616C1
ORIGINAL_BASELINE.apk,zhiui-final-v2.apk,res/layout/widget_card_tyre.xml,modified,res,0CFDC47D23543A012BBDA187FCBA91E260D04CA7EF8F313B4ABEF2353953A716,A2A0D2D8B600494E0EEF60D6194D2E7FEB030778C7B08CCF1E8F749E5FC2ECF4
ORIGINAL_BASELINE.apk,zhiui-final-v2.apk,res/layout/widget_card_vehicle.xml,modified,res,3E098979A4210F8EAA61A635AB23C82D81A768857C2C822133AD37F6CAD98090,7FE40D1DD1A688F732ED2988891766A57FEBD26576676ADA5A117E01A86AB298
ORIGINAL_BASELINE.apk,zhiui-final-v2.apk,res/values/attrs.xml,modified,res,DA636C556CE72FD944A53DEFAF030ACCE2C22A2E4D783E0818A92F14CBD28DA7,C0D1369F15DEC28BF7F4F89B789AC576F4777CE3AEAD6DB3EEF82B4052D4F32D
ORIGINAL_BASELINE.apk,zhiui-final-v2.apk,res/values/ids.xml,modified,res,F663D6F8F5B7BE63CE079920A93A25721DE2CD265713375E82D031C7D72B540B,9ADB346200F0390667576D6793F36C61D8012FDC56CF3B067F9233B028E69D5C
ORIGINAL_BASELINE.apk,zhiui-final-v2.apk,res/values/public.xml,modified,res,E43564597875A369D4EA086ED722E36F50B2FFB8A14A5F23D2A96CDD8495A365,1B9A723DBB4E7A16F1E6D60EBB0EFE58D71D64E461D57C9905BE02910A48FE4A
ORIGINAL_BASELINE.apk,zhiui-final-v2.apk,res/values/styles.xml,modified,res,2FF7D7D0DCC4DC29F2CC1A63722B5BB59AE8C95071CA506B4E4C913E12B62D5F,7489ED11415B40A61033225964C02EE55F9EA4272482A9C8631035D6C705BA6F
ORIGINAL_BASELINE.apk,zhiui-final-v2.apk,smali/androidx/appcompat/widget/VectorEnabledTintResources.smali,modified,smali,4101DE10CEB2ED753D14EBE18688259482C8D1646B4878BAA4E80C251A87A04C,4AF90CE5E3FF38F790865FFC66CCD956236AD20647B3C9C4F2532B55D5611D59
ORIGINAL_BASELINE.apk,zhiui-final-v2.apk,smali/androidx/constraintlayout/solver/ArrayRow.smali,modified,smali,BD8AC10CB73EA59212C1DBE048B17F46DB0118D82F88BC65398F5280DA267DAA,27CB083DB7DB0201B7947D7712D6F8A7482AAA5CC5C1ADAFAAA0A0998DF005E9
ORIGINAL_BASELINE.apk,zhiui-final-v2.apk,smali/androidx/constraintlayout/solver/Pools.smali,modified,smali,2C70A257A060C0F9193661DA4FC633F27DF5DEC10C5701BF7E068C3B70F8408E,6E7C7319552BD67DFF286D8A24548D5C8B319072E7663F7B4C75936BE4FE5733
ORIGINAL_BASELINE.apk,zhiui-final-v2.apk,smali/androidx/constraintlayout/solver/widgets/Chain.smali,modified,smali,E27D96462173A1EF754AD5F093C15E80BF7B77F745561CAFB743585D53D22947,A9475DBF079A6285DC37F3CC92095DDB8BFC4270AC6031A5464EBB8247E66544
ORIGINAL_BASELINE.apk,zhiui-final-v2.apk,smali/androidx/core/graphics/TypefaceCompatApi21Impl.smali,modified,smali,05A82B10FE345C3F0CEE6EDF111ED3D83213BB51AF47A10CF1A646E9048B608F,25CBBF0A713220B75DF04524C33FC56850E5AED29E226B552B3F2FB5F33340A5
ORIGINAL_BASELINE.apk,zhiui-final-v2.apk,smali/androidx/core/view/KeyEventDispatcher.smali,modified,smali,A3517AB6248C406B3B7244346DD359FB4E91B360F5BCDB4F7011B9FB1982209A,54F4404D4AB935CF0F20102DAE10E97BD0C249E426964706BB4D24B43620581A
ORIGINAL_BASELINE.apk,zhiui-final-v2.apk,smali/androidx/core/view/WindowInsetsCompat$BuilderImpl20.smali,modified,smali,4B10F557D75D9FBA5A693536180323294ABEBB901E896C1B1718F5C1419963A7,0BBDF95AACD1CC4FF50F67D37CFE29D680CECB3A9C11A8B35BD1E8D100EBD0EC
ORIGINAL_BASELINE.apk,zhiui-final-v2.apk,smali/androidx/core/view/WindowInsetsCompat$Impl20.smali,modified,smali,784475D3A81037892468CE9718CBF7978B2DE856351F68CC36CBAA9BF3F0FC5C,3E284FA419251307CE88F8F4169B78245657DD7B8B34DC104BDB378FA1F172D7
ORIGINAL_BASELINE.apk,zhiui-final-v2.apk,smali/androidx/recyclerview/widget/DefaultItemAnimator.smali,modified,smali,E35294538C8D5791EC853D28D86A88080FCED3DF18D2416A6F9230A7C621401C,DA1FD0D23D350828B19D86DF14E45BBEBF4BAE05562E559B100AE52CEC6516EF
ORIGINAL_BASELINE.apk,zhiui-final-v2.apk,smali/androidx/recyclerview/widget/RecyclerView.smali,modified,smali,3502C39F7C7C2D1086731FE33B5F3E41DBF9EC9D4CB070002043A201473103D4,D14DAFDB675BF6C490D04E203E2004C388549FF6931F52D7DC8B35AB75982E3E
ORIGINAL_BASELINE.apk,zhiui-final-v2.apk,smali/androidx/recyclerview/widget/ViewInfoStore.smali,modified,smali,2042BC64D74E5023EB34A5C66DF2DA6EC864E7A66F2242B1EAA68CEB28A354EC,7C961315DA92636D4EBDA3B702127E058EF31B8CF21A095F47CEB3FB3B10EC6C
ORIGINAL_BASELINE.apk,zhiui-final-v2.apk,smali/androidx/viewpager/widget/ViewPager.smali,modified,smali,B7DA5CB22B0F350022424757F5A348B7AD9757E711873A4A31CE010BF6B78CE3,0C87ECDF28CEA893915A0748E9A6A3C865B0308C3A6B595FE7AE6F51AEF07BBC
ORIGINAL_BASELINE.apk,zhiui-final-v2.apk,smali/com/byd/launcher/AirControlPanel.smali,added,smali,,303B0A201AFD3A8171F3C9EA3AB5C11B35A6DFCC237B7C80BF1523BA29C3A813
ORIGINAL_BASELINE.apk,zhiui-final-v2.apk,smali/com/byd/launcher/AirControlPanelClickListener.smali,added,smali,,520DC96BB8CAB2EFC127F261E305D7DD7C2B76410BC781BCABC14B1762D00BBB
ORIGINAL_BASELINE.apk,zhiui-final-v2.apk,smali/com/byd/launcher/CoreService.smali,modified,smali,A1B4FA502AAFAE1D67E0C2874733DFC42C16DD86887B19B30949ACBF7867393E,49D1D0FECC81C58756426327B4EF2C59DFBBC2AE7D88D2307E965206AF9E2C8F
ORIGINAL_BASELINE.apk,zhiui-final-v2.apk,smali/com/byd/launcher/MainActivity.smali,modified,smali,22CEBB2E6F1587E6A605273FEA00535584015BC63991F44E6E80A39902BA4EA8,09532D86467A2AD7F70F28FED509583238380ED35B9D7E4103693CA890E73276
ORIGINAL_BASELINE.apk,zhiui-final-v2.apk,smali/com/byd/launcher/ModeKeyReceiver.smali,added,smali,,210086703279C0D14088BA02041F35057F25A6771031FE3D36E650CCFF35F708
ORIGINAL_BASELINE.apk,zhiui-final-v2.apk,smali/com/byd/launcher/NavBarService.smali,modified,smali,387AE6FEB19B1F20D17AFB1074B40F9537CE944AEE0AA7A3D490097D549FAB89,FEE3A644713587917CE42AF12D0AFED7ED1F46D7ED0D7EB941BBB25C033F1F9D
ORIGINAL_BASELINE.apk,zhiui-final-v2.apk,smali/com/byd/launcher/WallpaperAutoRotateRunnable.smali,added,smali,,83E874E806E6557E505D48B1BF584ABBA0D9416D21B9083EEFE88865AEA4A722
ORIGINAL_BASELINE.apk,zhiui-final-v2.apk,smali/com/byd/launcher/WallpaperDirectoryResolver.smali,added,smali,,0C566FD5F0F9DE63C94F58B4A92FF84CE624B3828246432DD8E4ACDAB9FAA9CF
ORIGINAL_BASELINE.apk,zhiui-final-v2.apk,smali/com/byd/launcher/WallpaperRotationOptionListener.smali,added,smali,,E8313A1BAE67D9714178F9DD36B2945924F1CD143B68D74408281BF39DA4E8CD
ORIGINAL_BASELINE.apk,zhiui-final-v2.apk,smali/o/cb.smali,modified,smali,3D8F006723BF6841AFD4C14DED2FE05D05EA9629874E5899A4812BCE1353E46D,7AD20A2B972FD29E3C5F2BC493180B8CFD82BF9FFADD00144311ACEA51E7DE00
ORIGINAL_BASELINE.apk,zhiui-final-v2.apk,smali/o/ia.smali,modified,smali,B00C62BCE43C105C32AA5038D80331C08E8ED777A1A6E4728A273526EA0F89ED,140E166B3F80F316CB73F8B12AB7CAEA7E63E8640A5D7694F2E8F92E20035EF8
ORIGINAL_BASELINE.apk,zhiui-final-v2.apk,smali/o/if.smali,modified,smali,9B5428D6A569B02849A4DB6106D52898FDC05CA76FAA2A139A2486FAFE13D3D5,7F497913DAD26C717A1CF27EAEDA4F1A8567F4613FEFE361624BAFDDF9EE6DAE
ORIGINAL_BASELINE.apk,zhiui-final-v2.apk,smali/o/tk.smali,modified,smali,F3C039C3ADD6CD813BE58BEDBF0AD426B7B5954AC6F81429730C7FAB0072DAA9,F6061B2274E1363B7B713915A361126F74514EAE12B8A2D8BFC573FAB45CF17E
ORIGINAL_BASELINE.apk,zhiui-final-v2.apk,smali/o/uk.smali,modified,smali,FB69D371CE3D9D19F27471CCF867E2E8C7477D98BE1B58F8F31915DFACB6E8BB,E8C143D0E6AEC6CD43221D1967CAED9F34194E7738606C23B096D19DE3472F4A
ORIGINAL_BASELINE.apk,zhiui-final-v2.apk,smali/o/vl.smali,modified,smali,034CA147E371EA7A220A19C890250226D7773262B4BBBBCB8894A20FDEE9BA5B,FC21E3C321BD5F1067C78D55A025E5D408A8EEC66FBED22954AFDD745493C29B
ORIGINAL_BASELINE.apk,zhiui-final-v2.apk,smali/o/y7.smali,modified,smali,01283E9F80DD8EC26EC45B03258E9BBBC0CCB7FEC1111570842E30F7FD8AADC9,9F71B0F3F6AB83F9770EE17AD86DD24F9A693904CBE027EF3B408B739FF1F4D5
ORIGINAL_BASELINE.apk,zhiui-final-v2.apk,smali/o/zk.smali,modified,smali,FB17CE37D1CB32B3D7368B10ACCB5A5A4EB15FFA190085D76B3C9ADABF7981DF,1436FD79C1AA9B236A33A7CEEA738BE807F0438CA948CE744657B9CD5C752E6C
zhiui-final-v2.apk,zhiui-final-v3.11-lyrics-click-music-app-r1.apk,apktool.yml,modified,apktool.yml,277B61FD29D754EC60EFC962AB75FE0F8FB9AFA7D2325B4F60FC79536A0101FF,7DEA9DCC4F8BAB013C44A90FF29C15403B2C888E85437D0D31132D0A945BF462
zhiui-final-v2.apk,zhiui-final-v3.11-lyrics-click-music-app-r1.apk,original/META-INF/MANIFEST.MF,modified,original,AE1A8EFC13F6523DC0434093B7F52186242E1B4A6C0CC523E42EA04276D16001,A35C76E96E21305850685DA35E61275BB7B6AF816DBC363FC97A6AA3474F994A
zhiui-final-v2.apk,zhiui-final-v3.11-lyrics-click-music-app-r1.apk,original/META-INF/ZHIUI.RSA,modified,original,7843F10DB973A6045243675A42E1E482AECEBDD5AD14E477E710D8D12F0E97F9,4047FE16A5BD857B1E05EC50316BD8D06414CF094C669FB9D92ACD163D2D144D
zhiui-final-v2.apk,zhiui-final-v3.11-lyrics-click-music-app-r1.apk,original/META-INF/ZHIUI.SF,modified,original,240C0841506046D3DCDA5300F80E36CEAF65F850E4586D2E57143D3EACA7DA38,E51DD4BAC993D4BD1ADACA93890CEBE9AB985FAF40F0078D00323FC5029AD502
zhiui-final-v2.apk,zhiui-final-v3.11-lyrics-click-music-app-r1.apk,res/layout/activity_main.xml,modified,res,827178F3590D0F1475D8E77A479196EEFA4B2B3046ED2EC3864E0C0E03574A32,1DC5F821CA50C61C0EEFB32FBA0D859389979F2E362C56104339B07053AB0386
zhiui-final-v2.apk,zhiui-final-v3.11-lyrics-click-music-app-r1.apk,res/layout/dialog_settings.xml,modified,res,D3BBFB7E542417F0A0C7CB2773C9495F531CF980AFC447A846DC5B30CAF4D4A7,CEB4568AC88B2B5AA3F50C60C1B40EF25B6F24A3FDF01E56C37529F8B73D4F1F
zhiui-final-v2.apk,zhiui-final-v3.11-lyrics-click-music-app-r1.apk,res/layout/vehicle_control_panel.xml,modified,res,3EBE3DFAAC7248F0C57612CE86A3A226E3F0C33361E8AEFC97326E05CD0E9AF2,2558E883B0A565071928CA227110FDDFB2EF132B702BE664721D084C9FE890BD
zhiui-final-v2.apk,zhiui-final-v3.11-lyrics-click-music-app-r1.apk,smali/com/byd/launcher/AirControlPanel.smali,modified,smali,303B0A201AFD3A8171F3C9EA3AB5C11B35A6DFCC237B7C80BF1523BA29C3A813,4CC2E3892296DF53D825B675673F871D827B4FCB46E134B90DFD34064D9A6BB0
zhiui-final-v2.apk,zhiui-final-v3.11-lyrics-click-music-app-r1.apk,smali/com/byd/launcher/AirControlPanelClickListener.smali,modified,smali,520DC96BB8CAB2EFC127F261E305D7DD7C2B76410BC781BCABC14B1762D00BBB,6DA43F4D31871ACCF19CECB8DB93C8DD38F4EF8BF770592F387338679ACB25D2
zhiui-final-v2.apk,zhiui-final-v3.11-lyrics-click-music-app-r1.apk,smali/com/byd/launcher/LyricsCardMusicClickListener.smali,added,smali,,3960AE22E006660520627E3781C4724CF63E17DEBF6056A4801E013735FF1C98
zhiui-final-v2.apk,zhiui-final-v3.11-lyrics-click-music-app-r1.apk,smali/com/byd/launcher/MainActivity.smali,modified,smali,09532D86467A2AD7F70F28FED509583238380ED35B9D7E4103693CA890E73276,406A65FD2FB48912C00DF2290267157CCA42086575024342C00408CBBCFC642C
zhiui-final-v2.apk,zhiui-final-v3.11-lyrics-click-music-app-r1.apk,smali/com/byd/launcher/NavBarService.smali,modified,smali,FEE3A644713587917CE42AF12D0AFED7ED1F46D7ED0D7EB941BBB25C033F1F9D,6B9B2F3FB81318FAB0C4BC6AE13E744BE6F6EAD9835961B30F0E6AC6FE545AE4
zhiui-final-v2.apk,zhiui-final-v3.11-lyrics-click-music-app-r1.apk,smali/com/byd/launcher/NeteaseLyricsBridge$1.smali,added,smali,,CCDA7389FB63F2DF27F28B1DB798F4A7B813A8DBAF2117A8E29CFBEA62E0C3B1
zhiui-final-v2.apk,zhiui-final-v3.11-lyrics-click-music-app-r1.apk,smali/com/byd/launcher/NeteaseLyricsBridge$2.smali,added,smali,,C1E4164F662371FC9DDBB6C1AAD9EDE1683EA8283C83F22C350ED999A4512F7F
zhiui-final-v2.apk,zhiui-final-v3.11-lyrics-click-music-app-r1.apk,smali/com/byd/launcher/NeteaseLyricsBridge$3.smali,added,smali,,074FA04893535F42FB028F2E39ECA39A00EC43DBD5AF4BCDC70C78800535FC1D
zhiui-final-v2.apk,zhiui-final-v3.11-lyrics-click-music-app-r1.apk,smali/com/byd/launcher/NeteaseLyricsBridge$FetchTask.smali,added,smali,,B1819B1A1EFFD246E8B8EAEF54EF83A81FA6A036D98602818D5139D67A92F35F
zhiui-final-v2.apk,zhiui-final-v3.11-lyrics-click-music-app-r1.apk,smali/com/byd/launcher/NeteaseLyricsBridge$LyricLine.smali,added,smali,,F008879ACB40E83C84F1FCB7D78C2892FFE07A240A2BC88832468E2FF1A529AB
zhiui-final-v2.apk,zhiui-final-v3.11-lyrics-click-music-app-r1.apk,smali/com/byd/launcher/NeteaseLyricsBridge.smali,added,smali,,84A8FB987370BB5A61A0D8A92EF5CAC2DDD59C70FE83040A6BEB5A76D5425641
zhiui-final-v2.apk,zhiui-final-v3.11-lyrics-click-music-app-r1.apk,smali/o/ia.smali,modified,smali,140E166B3F80F316CB73F8B12AB7CAEA7E63E8640A5D7694F2E8F92E20035EF8,5B5CA5E919F5051A34FAEC1461246218680157BEEEAAF30CE971B808812BDDC2
zhiui-final-v2.apk,zhiui-final-v3.11-lyrics-click-music-app-r1.apk,smali/o/vl.smali,modified,smali,FC21E3C321BD5F1067C78D55A025E5D408A8EEC66FBED22954AFDD745493C29B,44D790D59F6C8FF17EF28022CD9E987CB9A5E2CC39207D570B16AB522AB28B86
zhiui-final-v2.apk,zhiui-final-v3.11-lyrics-click-music-app-r1.apk,smali/o/y8.smali,modified,smali,23AD3CD07AD779B2E69F645B2CDB67B81E0349D482E74E0992F600F8CA38AC73,0CE4795ABAD8F347C6CF49F9C12C600FA9625889AEAFDC09A8438BE94DA7B8FC
zhiui-final-v2.apk,zhiui-final-v3.11-lyrics-click-music-app-r1.apk,smali/o/zk.smali,modified,smali,1436FD79C1AA9B236A33A7CEEA738BE807F0438CA948CE744657B9CD5C752E6C,64E878B2E4B651D97460358A9DA50470784C75BCC0C4162387CB61E1C0C2E528
ORIGINAL_BASELINE.apk,zhiui-stability-s1-systembars-r1.apk,apktool.yml,modified,apktool.yml,F3AA7A81C3BDCA2C3A5300576B9ACB54029DBF045F884AB7571B114180A6B32E,9E0C03C887561D0F089ED80618DEBD5627AEA740C99B1C75AC88FE84C7BEDB02
ORIGINAL_BASELINE.apk,zhiui-stability-s1-systembars-r1.apk,original/AndroidManifest.xml,modified,original,A75CF92E7D18C1D4E7099302DD4B1B02DA4BA8DF922E39A56790924E418A59AB,CF371A077DA1A6037EDB935F83BC83D48E76739934295DC018A515E2702DE3B6
ORIGINAL_BASELINE.apk,zhiui-stability-s1-systembars-r1.apk,original/META-INF/MANIFEST.MF,added,original,,D64FCE5D8D70DB750D27D9E9D93208977E02750584CC4F1DB2105EFF95806D73
ORIGINAL_BASELINE.apk,zhiui-stability-s1-systembars-r1.apk,original/META-INF/ZHIUI.RSA,added,original,,AE23DD27488D95088155AFA0DDD7D22E7495CB6B041286BBBFB126BBB050C54F
ORIGINAL_BASELINE.apk,zhiui-stability-s1-systembars-r1.apk,original/META-INF/ZHIUI.SF,added,original,,A543DDDEF42374F74CD88F4805FBAEB6B00BCE3A082D596977E9B428441B02D2
ORIGINAL_BASELINE.apk,zhiui-stability-s1-systembars-r1.apk,res/drawable-hdpi/abc_list_pressed_holo_dark.9.png,modified,res,FDE815FA5C3267D58CE96698035DD6867C6DAA573EC498DFC755C60F9445A677,0F939AD7987B8E8440BEBFC7B20CD9BB042E95C9041F4485CF280E13CDE8F7B2
ORIGINAL_BASELINE.apk,zhiui-stability-s1-systembars-r1.apk,res/drawable-hdpi/abc_list_selector_disabled_holo_dark.9.png,modified,res,FDE815FA5C3267D58CE96698035DD6867C6DAA573EC498DFC755C60F9445A677,0F939AD7987B8E8440BEBFC7B20CD9BB042E95C9041F4485CF280E13CDE8F7B2
ORIGINAL_BASELINE.apk,zhiui-stability-s1-systembars-r1.apk,res/drawable-hdpi/ic_call_answer_low.png,modified,res,A4D4C009619311D9B83904ACFD62FE3B7F918C312522BBCC6AD51CDEC4FD1EDF,E9EA8426B0ADBF89B9D303A897BBE38BBBF930FFB1885DC9F41B4DF9685A1CF5
ORIGINAL_BASELINE.apk,zhiui-stability-s1-systembars-r1.apk,res/drawable-hdpi/ic_call_answer_video_low.png,modified,res,A4D4C009619311D9B83904ACFD62FE3B7F918C312522BBCC6AD51CDEC4FD1EDF,E9EA8426B0ADBF89B9D303A897BBE38BBBF930FFB1885DC9F41B4DF9685A1CF5
ORIGINAL_BASELINE.apk,zhiui-stability-s1-systembars-r1.apk,res/drawable-hdpi/ic_call_decline_low.png,modified,res,A4D4C009619311D9B83904ACFD62FE3B7F918C312522BBCC6AD51CDEC4FD1EDF,E9EA8426B0ADBF89B9D303A897BBE38BBBF930FFB1885DC9F41B4DF9685A1CF5
ORIGINAL_BASELINE.apk,zhiui-stability-s1-systembars-r1.apk,res/drawable-ldpi/ic_call_answer_low.png,modified,res,A4D4C009619311D9B83904ACFD62FE3B7F918C312522BBCC6AD51CDEC4FD1EDF,E9EA8426B0ADBF89B9D303A897BBE38BBBF930FFB1885DC9F41B4DF9685A1CF5
ORIGINAL_BASELINE.apk,zhiui-stability-s1-systembars-r1.apk,res/drawable-ldpi/ic_call_answer_video_low.png,modified,res,A4D4C009619311D9B83904ACFD62FE3B7F918C312522BBCC6AD51CDEC4FD1EDF,E9EA8426B0ADBF89B9D303A897BBE38BBBF930FFB1885DC9F41B4DF9685A1CF5
ORIGINAL_BASELINE.apk,zhiui-stability-s1-systembars-r1.apk,res/drawable-ldpi/ic_call_decline_low.png,modified,res,A4D4C009619311D9B83904ACFD62FE3B7F918C312522BBCC6AD51CDEC4FD1EDF,E9EA8426B0ADBF89B9D303A897BBE38BBBF930FFB1885DC9F41B4DF9685A1CF5
ORIGINAL_BASELINE.apk,zhiui-stability-s1-systembars-r1.apk,res/drawable-mdpi/abc_list_pressed_holo_dark.9.png,modified,res,FDE815FA5C3267D58CE96698035DD6867C6DAA573EC498DFC755C60F9445A677,0F939AD7987B8E8440BEBFC7B20CD9BB042E95C9041F4485CF280E13CDE8F7B2
ORIGINAL_BASELINE.apk,zhiui-stability-s1-systembars-r1.apk,res/drawable-mdpi/abc_list_selector_disabled_holo_dark.9.png,modified,res,FDE815FA5C3267D58CE96698035DD6867C6DAA573EC498DFC755C60F9445A677,0F939AD7987B8E8440BEBFC7B20CD9BB042E95C9041F4485CF280E13CDE8F7B2
ORIGINAL_BASELINE.apk,zhiui-stability-s1-systembars-r1.apk,res/drawable-mdpi/ic_call_answer_low.png,modified,res,A4D4C009619311D9B83904ACFD62FE3B7F918C312522BBCC6AD51CDEC4FD1EDF,E9EA8426B0ADBF89B9D303A897BBE38BBBF930FFB1885DC9F41B4DF9685A1CF5
ORIGINAL_BASELINE.apk,zhiui-stability-s1-systembars-r1.apk,res/drawable-mdpi/ic_call_answer_video_low.png,modified,res,A4D4C009619311D9B83904ACFD62FE3B7F918C312522BBCC6AD51CDEC4FD1EDF,E9EA8426B0ADBF89B9D303A897BBE38BBBF930FFB1885DC9F41B4DF9685A1CF5
ORIGINAL_BASELINE.apk,zhiui-stability-s1-systembars-r1.apk,res/drawable-mdpi/ic_call_decline_low.png,modified,res,A4D4C009619311D9B83904ACFD62FE3B7F918C312522BBCC6AD51CDEC4FD1EDF,E9EA8426B0ADBF89B9D303A897BBE38BBBF930FFB1885DC9F41B4DF9685A1CF5
ORIGINAL_BASELINE.apk,zhiui-stability-s1-systembars-r1.apk,res/drawable-nodpi/control_ac_ac0.png,modified,res,A4D4C009619311D9B83904ACFD62FE3B7F918C312522BBCC6AD51CDEC4FD1EDF,E9EA8426B0ADBF89B9D303A897BBE38BBBF930FFB1885DC9F41B4DF9685A1CF5
ORIGINAL_BASELINE.apk,zhiui-stability-s1-systembars-r1.apk,res/drawable-nodpi/control_ac_ac1.png,modified,res,A4D4C009619311D9B83904ACFD62FE3B7F918C312522BBCC6AD51CDEC4FD1EDF,E9EA8426B0ADBF89B9D303A897BBE38BBBF930FFB1885DC9F41B4DF9685A1CF5
ORIGINAL_BASELINE.apk,zhiui-stability-s1-systembars-r1.apk,res/drawable-nodpi/control_child_lock_left1.png,modified,res,A4D4C009619311D9B83904ACFD62FE3B7F918C312522BBCC6AD51CDEC4FD1EDF,E9EA8426B0ADBF89B9D303A897BBE38BBBF930FFB1885DC9F41B4DF9685A1CF5
ORIGINAL_BASELINE.apk,zhiui-stability-s1-systembars-r1.apk,res/drawable-nodpi/control_child_lock_left2.png,modified,res,A4D4C009619311D9B83904ACFD62FE3B7F918C312522BBCC6AD51CDEC4FD1EDF,E9EA8426B0ADBF89B9D303A897BBE38BBBF930FFB1885DC9F41B4DF9685A1CF5
ORIGINAL_BASELINE.apk,zhiui-stability-s1-systembars-r1.apk,res/drawable-nodpi/control_child_lock_right1.png,modified,res,A4D4C009619311D9B83904ACFD62FE3B7F918C312522BBCC6AD51CDEC4FD1EDF,E9EA8426B0ADBF89B9D303A897BBE38BBBF930FFB1885DC9F41B4DF9685A1CF5
ORIGINAL_BASELINE.apk,zhiui-stability-s1-systembars-r1.apk,res/drawable-nodpi/control_child_lock_right2.png,modified,res,A4D4C009619311D9B83904ACFD62FE3B7F918C312522BBCC6AD51CDEC4FD1EDF,E9EA8426B0ADBF89B9D303A897BBE38BBBF930FFB1885DC9F41B4DF9685A1CF5
ORIGINAL_BASELINE.apk,zhiui-stability-s1-systembars-r1.apk,res/drawable-nodpi/control_slope_descent1.png,modified,res,A4D4C009619311D9B83904ACFD62FE3B7F918C312522BBCC6AD51CDEC4FD1EDF,E9EA8426B0ADBF89B9D303A897BBE38BBBF930FFB1885DC9F41B4DF9685A1CF5
ORIGINAL_BASELINE.apk,zhiui-stability-s1-systembars-r1.apk,res/drawable-nodpi/control_window_all_close.png,modified,res,A4D4C009619311D9B83904ACFD62FE3B7F918C312522BBCC6AD51CDEC4FD1EDF,E9EA8426B0ADBF89B9D303A897BBE38BBBF930FFB1885DC9F41B4DF9685A1CF5
ORIGINAL_BASELINE.apk,zhiui-stability-s1-systembars-r1.apk,res/drawable-nodpi/control_window_all_open.png,modified,res,A4D4C009619311D9B83904ACFD62FE3B7F918C312522BBCC6AD51CDEC4FD1EDF,E9EA8426B0ADBF89B9D303A897BBE38BBBF930FFB1885DC9F41B4DF9685A1CF5
ORIGINAL_BASELINE.apk,zhiui-stability-s1-systembars-r1.apk,res/drawable-nodpi/control_wirecharge1.png,modified,res,A4D4C009619311D9B83904ACFD62FE3B7F918C312522BBCC6AD51CDEC4FD1EDF,E9EA8426B0ADBF89B9D303A897BBE38BBBF930FFB1885DC9F41B4DF9685A1CF5
ORIGINAL_BASELINE.apk,zhiui-stability-s1-systembars-r1.apk,res/drawable-nodpi/control_wirecharge2.png,modified,res,A4D4C009619311D9B83904ACFD62FE3B7F918C312522BBCC6AD51CDEC4FD1EDF,E9EA8426B0ADBF89B9D303A897BBE38BBBF930FFB1885DC9F41B4DF9685A1CF5
ORIGINAL_BASELINE.apk,zhiui-stability-s1-systembars-r1.apk,res/drawable-nodpi/widget_car_ty_vertical.png,modified,res,A4D4C009619311D9B83904ACFD62FE3B7F918C312522BBCC6AD51CDEC4FD1EDF,E9EA8426B0ADBF89B9D303A897BBE38BBBF930FFB1885DC9F41B4DF9685A1CF5
ORIGINAL_BASELINE.apk,zhiui-stability-s1-systembars-r1.apk,res/drawable-nodpi/widget_control_trunck0.png,modified,res,A4D4C009619311D9B83904ACFD62FE3B7F918C312522BBCC6AD51CDEC4FD1EDF,E9EA8426B0ADBF89B9D303A897BBE38BBBF930FFB1885DC9F41B4DF9685A1CF5
ORIGINAL_BASELINE.apk,zhiui-stability-s1-systembars-r1.apk,res/drawable-nodpi/widget_music_cover.png,modified,res,A4D4C009619311D9B83904ACFD62FE3B7F918C312522BBCC6AD51CDEC4FD1EDF,E9EA8426B0ADBF89B9D303A897BBE38BBBF930FFB1885DC9F41B4DF9685A1CF5
ORIGINAL_BASELINE.apk,zhiui-stability-s1-systembars-r1.apk,res/drawable-nodpi/widget_music_disc.png,modified,res,A4D4C009619311D9B83904ACFD62FE3B7F918C312522BBCC6AD51CDEC4FD1EDF,E9EA8426B0ADBF89B9D303A897BBE38BBBF930FFB1885DC9F41B4DF9685A1CF5
ORIGINAL_BASELINE.apk,zhiui-stability-s1-systembars-r1.apk,res/drawable-xhdpi/abc_list_pressed_holo_dark.9.png,modified,res,FDE815FA5C3267D58CE96698035DD6867C6DAA573EC498DFC755C60F9445A677,0F939AD7987B8E8440BEBFC7B20CD9BB042E95C9041F4485CF280E13CDE8F7B2
ORIGINAL_BASELINE.apk,zhiui-stability-s1-systembars-r1.apk,res/drawable-xhdpi/abc_list_selector_disabled_holo_dark.9.png,modified,res,FDE815FA5C3267D58CE96698035DD6867C6DAA573EC498DFC755C60F9445A677,0F939AD7987B8E8440BEBFC7B20CD9BB042E95C9041F4485CF280E13CDE8F7B2
ORIGINAL_BASELINE.apk,zhiui-stability-s1-systembars-r1.apk,res/drawable-xhdpi/ic_call_answer_low.png,modified,res,A4D4C009619311D9B83904ACFD62FE3B7F918C312522BBCC6AD51CDEC4FD1EDF,E9EA8426B0ADBF89B9D303A897BBE38BBBF930FFB1885DC9F41B4DF9685A1CF5
ORIGINAL_BASELINE.apk,zhiui-stability-s1-systembars-r1.apk,res/drawable-xhdpi/ic_call_answer_video_low.png,modified,res,A4D4C009619311D9B83904ACFD62FE3B7F918C312522BBCC6AD51CDEC4FD1EDF,E9EA8426B0ADBF89B9D303A897BBE38BBBF930FFB1885DC9F41B4DF9685A1CF5
ORIGINAL_BASELINE.apk,zhiui-stability-s1-systembars-r1.apk,res/drawable-xhdpi/ic_call_decline_low.png,modified,res,A4D4C009619311D9B83904ACFD62FE3B7F918C312522BBCC6AD51CDEC4FD1EDF,E9EA8426B0ADBF89B9D303A897BBE38BBBF930FFB1885DC9F41B4DF9685A1CF5
ORIGINAL_BASELINE.apk,zhiui-stability-s1-systembars-r1.apk,res/drawable-xxhdpi/abc_list_pressed_holo_dark.9.png,modified,res,FDE815FA5C3267D58CE96698035DD6867C6DAA573EC498DFC755C60F9445A677,0F939AD7987B8E8440BEBFC7B20CD9BB042E95C9041F4485CF280E13CDE8F7B2
ORIGINAL_BASELINE.apk,zhiui-stability-s1-systembars-r1.apk,res/drawable-xxhdpi/abc_list_selector_disabled_holo_dark.9.png,modified,res,FDE815FA5C3267D58CE96698035DD6867C6DAA573EC498DFC755C60F9445A677,0F939AD7987B8E8440BEBFC7B20CD9BB042E95C9041F4485CF280E13CDE8F7B2
ORIGINAL_BASELINE.apk,zhiui-stability-s1-systembars-r1.apk,res/drawable-xxhdpi/ic_call_answer_low.png,modified,res,A4D4C009619311D9B83904ACFD62FE3B7F918C312522BBCC6AD51CDEC4FD1EDF,E9EA8426B0ADBF89B9D303A897BBE38BBBF930FFB1885DC9F41B4DF9685A1CF5
ORIGINAL_BASELINE.apk,zhiui-stability-s1-systembars-r1.apk,res/drawable-xxhdpi/ic_call_answer_video_low.png,modified,res,A4D4C009619311D9B83904ACFD62FE3B7F918C312522BBCC6AD51CDEC4FD1EDF,E9EA8426B0ADBF89B9D303A897BBE38BBBF930FFB1885DC9F41B4DF9685A1CF5
ORIGINAL_BASELINE.apk,zhiui-stability-s1-systembars-r1.apk,res/drawable-xxhdpi/ic_call_decline_low.png,modified,res,A4D4C009619311D9B83904ACFD62FE3B7F918C312522BBCC6AD51CDEC4FD1EDF,E9EA8426B0ADBF89B9D303A897BBE38BBBF930FFB1885DC9F41B4DF9685A1CF5
ORIGINAL_BASELINE.apk,zhiui-stability-s1-systembars-r1.apk,res/drawable-xxxhdpi/ic_call_answer_low.png,modified,res,A4D4C009619311D9B83904ACFD62FE3B7F918C312522BBCC6AD51CDEC4FD1EDF,E9EA8426B0ADBF89B9D303A897BBE38BBBF930FFB1885DC9F41B4DF9685A1CF5
ORIGINAL_BASELINE.apk,zhiui-stability-s1-systembars-r1.apk,res/drawable-xxxhdpi/ic_call_answer_video_low.png,modified,res,A4D4C009619311D9B83904ACFD62FE3B7F918C312522BBCC6AD51CDEC4FD1EDF,E9EA8426B0ADBF89B9D303A897BBE38BBBF930FFB1885DC9F41B4DF9685A1CF5
ORIGINAL_BASELINE.apk,zhiui-stability-s1-systembars-r1.apk,res/drawable-xxxhdpi/ic_call_decline_low.png,modified,res,A4D4C009619311D9B83904ACFD62FE3B7F918C312522BBCC6AD51CDEC4FD1EDF,E9EA8426B0ADBF89B9D303A897BBE38BBBF930FFB1885DC9F41B4DF9685A1CF5
ORIGINAL_BASELINE.apk,zhiui-stability-s1-systembars-r1.apk,res/values/attrs.xml,modified,res,DA636C556CE72FD944A53DEFAF030ACCE2C22A2E4D783E0818A92F14CBD28DA7,C0D1369F15DEC28BF7F4F89B789AC576F4777CE3AEAD6DB3EEF82B4052D4F32D
ORIGINAL_BASELINE.apk,zhiui-stability-s1-systembars-r1.apk,smali/androidx/appcompat/widget/VectorEnabledTintResources.smali,modified,smali,4101DE10CEB2ED753D14EBE18688259482C8D1646B4878BAA4E80C251A87A04C,4AF90CE5E3FF38F790865FFC66CCD956236AD20647B3C9C4F2532B55D5611D59
ORIGINAL_BASELINE.apk,zhiui-stability-s1-systembars-r1.apk,smali/androidx/constraintlayout/solver/ArrayRow.smali,modified,smali,BD8AC10CB73EA59212C1DBE048B17F46DB0118D82F88BC65398F5280DA267DAA,27CB083DB7DB0201B7947D7712D6F8A7482AAA5CC5C1ADAFAAA0A0998DF005E9
ORIGINAL_BASELINE.apk,zhiui-stability-s1-systembars-r1.apk,smali/androidx/constraintlayout/solver/Pools.smali,modified,smali,2C70A257A060C0F9193661DA4FC633F27DF5DEC10C5701BF7E068C3B70F8408E,6E7C7319552BD67DFF286D8A24548D5C8B319072E7663F7B4C75936BE4FE5733
ORIGINAL_BASELINE.apk,zhiui-stability-s1-systembars-r1.apk,smali/androidx/constraintlayout/solver/widgets/Chain.smali,modified,smali,E27D96462173A1EF754AD5F093C15E80BF7B77F745561CAFB743585D53D22947,A9475DBF079A6285DC37F3CC92095DDB8BFC4270AC6031A5464EBB8247E66544
ORIGINAL_BASELINE.apk,zhiui-stability-s1-systembars-r1.apk,smali/androidx/core/graphics/TypefaceCompatApi21Impl.smali,modified,smali,05A82B10FE345C3F0CEE6EDF111ED3D83213BB51AF47A10CF1A646E9048B608F,25CBBF0A713220B75DF04524C33FC56850E5AED29E226B552B3F2FB5F33340A5
ORIGINAL_BASELINE.apk,zhiui-stability-s1-systembars-r1.apk,smali/androidx/core/view/KeyEventDispatcher.smali,modified,smali,A3517AB6248C406B3B7244346DD359FB4E91B360F5BCDB4F7011B9FB1982209A,54F4404D4AB935CF0F20102DAE10E97BD0C249E426964706BB4D24B43620581A
ORIGINAL_BASELINE.apk,zhiui-stability-s1-systembars-r1.apk,smali/androidx/core/view/WindowInsetsCompat$BuilderImpl20.smali,modified,smali,4B10F557D75D9FBA5A693536180323294ABEBB901E896C1B1718F5C1419963A7,0BBDF95AACD1CC4FF50F67D37CFE29D680CECB3A9C11A8B35BD1E8D100EBD0EC
ORIGINAL_BASELINE.apk,zhiui-stability-s1-systembars-r1.apk,smali/androidx/core/view/WindowInsetsCompat$Impl20.smali,modified,smali,784475D3A81037892468CE9718CBF7978B2DE856351F68CC36CBAA9BF3F0FC5C,3E284FA419251307CE88F8F4169B78245657DD7B8B34DC104BDB378FA1F172D7
ORIGINAL_BASELINE.apk,zhiui-stability-s1-systembars-r1.apk,smali/androidx/recyclerview/widget/DefaultItemAnimator.smali,modified,smali,E35294538C8D5791EC853D28D86A88080FCED3DF18D2416A6F9230A7C621401C,DA1FD0D23D350828B19D86DF14E45BBEBF4BAE05562E559B100AE52CEC6516EF
ORIGINAL_BASELINE.apk,zhiui-stability-s1-systembars-r1.apk,smali/androidx/recyclerview/widget/RecyclerView.smali,modified,smali,3502C39F7C7C2D1086731FE33B5F3E41DBF9EC9D4CB070002043A201473103D4,D14DAFDB675BF6C490D04E203E2004C388549FF6931F52D7DC8B35AB75982E3E
ORIGINAL_BASELINE.apk,zhiui-stability-s1-systembars-r1.apk,smali/androidx/recyclerview/widget/ViewInfoStore.smali,modified,smali,2042BC64D74E5023EB34A5C66DF2DA6EC864E7A66F2242B1EAA68CEB28A354EC,7C961315DA92636D4EBDA3B702127E058EF31B8CF21A095F47CEB3FB3B10EC6C
ORIGINAL_BASELINE.apk,zhiui-stability-s1-systembars-r1.apk,smali/androidx/viewpager/widget/ViewPager.smali,modified,smali,B7DA5CB22B0F350022424757F5A348B7AD9757E711873A4A31CE010BF6B78CE3,0C87ECDF28CEA893915A0748E9A6A3C865B0308C3A6B595FE7AE6F51AEF07BBC
ORIGINAL_BASELINE.apk,zhiui-stability-s1-systembars-r1.apk,smali/com/byd/launcher/CoreService.smali,modified,smali,A1B4FA502AAFAE1D67E0C2874733DFC42C16DD86887B19B30949ACBF7867393E,49D1D0FECC81C58756426327B4EF2C59DFBBC2AE7D88D2307E965206AF9E2C8F
Launcher_Rebuild_Test.apk,zhiui-stability-s1-systembars-r1.apk,apktool.yml,modified,apktool.yml,723279987185950441898CF4D72C744A0663916B8110C11A54B97D3564205C5C,9E0C03C887561D0F089ED80618DEBD5627AEA740C99B1C75AC88FE84C7BEDB02
zhiui-final-v2.apk,zhiui-final-v3-statusbar-fix.apk,apktool.yml,modified,apktool.yml,277B61FD29D754EC60EFC962AB75FE0F8FB9AFA7D2325B4F60FC79536A0101FF,833E6994B7D443A5406F5DC63A4E59BD8982B1030B6CE39E975D5D55FD53B889
zhiui-final-v2.apk,zhiui-final-v3-statusbar-fix.apk,original/META-INF/MANIFEST.MF,modified,original,AE1A8EFC13F6523DC0434093B7F52186242E1B4A6C0CC523E42EA04276D16001,604E29239493E67C35FE0D8655A8FFF47006C946BCDD397B42ED538F858D168A
zhiui-final-v2.apk,zhiui-final-v3-statusbar-fix.apk,original/META-INF/ZHIUI.RSA,modified,original,7843F10DB973A6045243675A42E1E482AECEBDD5AD14E477E710D8D12F0E97F9,E81903AEED283FEB9B56509346C457637FB6A3F5692DEE32B6C4968316DE8F58
zhiui-final-v2.apk,zhiui-final-v3-statusbar-fix.apk,original/META-INF/ZHIUI.SF,modified,original,240C0841506046D3DCDA5300F80E36CEAF65F850E4586D2E57143D3EACA7DA38,2AB47770D761BC5001100B538E6510400D918FC6C2168D1D64EB041F3A7A95D3
zhiui-final-v2.apk,zhiui-final-v3-statusbar-fix.apk,res/layout/activity_main.xml,modified,res,827178F3590D0F1475D8E77A479196EEFA4B2B3046ED2EC3864E0C0E03574A32,EB93B0E752492682C4CDFCFF5724C0370D0AB88A0AA042C8DDA74CF16A215CA6
zhiui-final-v2.apk,zhiui-final-v3-statusbar-fix.apk,smali/com/byd/launcher/NavBarService.smali,modified,smali,FEE3A644713587917CE42AF12D0AFED7ED1F46D7ED0D7EB941BBB25C033F1F9D,4C037A311099B71CF5FBEE155208ABCE6E5E1B6B425AEC44BD901CE518822635
zhiui-final-v3-statusbar-fix.apk,zhiui-final-v3.1-wallpaper-statusbar-fix.apk,apktool.yml,modified,apktool.yml,833E6994B7D443A5406F5DC63A4E59BD8982B1030B6CE39E975D5D55FD53B889,1231A5532387AE7E2584FDFCE2DD6449C491532A5B0F5D49DF5B713473B1CE3A
zhiui-final-v3-statusbar-fix.apk,zhiui-final-v3.1-wallpaper-statusbar-fix.apk,original/META-INF/MANIFEST.MF,modified,original,604E29239493E67C35FE0D8655A8FFF47006C946BCDD397B42ED538F858D168A,E98334BAC3E4FDBB09999ED583F63C614E4C10D46707864D1807BBCA80A33A05
zhiui-final-v3-statusbar-fix.apk,zhiui-final-v3.1-wallpaper-statusbar-fix.apk,original/META-INF/ZHIUI.RSA,modified,original,E81903AEED283FEB9B56509346C457637FB6A3F5692DEE32B6C4968316DE8F58,950AD83DE71410B1465C9761EDC7C1F579D95E583626F6062DA90A31F8520CB3
zhiui-final-v3-statusbar-fix.apk,zhiui-final-v3.1-wallpaper-statusbar-fix.apk,original/META-INF/ZHIUI.SF,modified,original,2AB47770D761BC5001100B538E6510400D918FC6C2168D1D64EB041F3A7A95D3,208F5A6370EDC335AB1082EBDBB31815AAA35D73DE8EA853ADD58960D3104008
zhiui-final-v3-statusbar-fix.apk,zhiui-final-v3.1-wallpaper-statusbar-fix.apk,res/layout/activity_main.xml,modified,res,EB93B0E752492682C4CDFCFF5724C0370D0AB88A0AA042C8DDA74CF16A215CA6,827178F3590D0F1475D8E77A479196EEFA4B2B3046ED2EC3864E0C0E03574A32
zhiui-final-v3-statusbar-fix.apk,zhiui-final-v3.1-wallpaper-statusbar-fix.apk,smali/com/byd/launcher/NavBarService.smali,modified,smali,4C037A311099B71CF5FBEE155208ABCE6E5E1B6B425AEC44BD901CE518822635,A396141C1663A84DE3A033B827963D0A30C9E000D2F99FCCD4D752A3EC1B7DDE
zhiui-final-v3.1-wallpaper-statusbar-fix.apk,zhiui-final-v3.2-wallpaper-statusbar-fix.apk,apktool.yml,modified,apktool.yml,1231A5532387AE7E2584FDFCE2DD6449C491532A5B0F5D49DF5B713473B1CE3A,3375CE30F865BEFDC55AFA866FCABBB3B648ADF997AFEBB4FD7F0D2B7AB5840A
zhiui-final-v3.1-wallpaper-statusbar-fix.apk,zhiui-final-v3.2-wallpaper-statusbar-fix.apk,original/META-INF/MANIFEST.MF,modified,original,E98334BAC3E4FDBB09999ED583F63C614E4C10D46707864D1807BBCA80A33A05,158AF2865318B8AC2CD2EDC240D889C343F305C3C4FC7AB16B380093CE02FD13
zhiui-final-v3.1-wallpaper-statusbar-fix.apk,zhiui-final-v3.2-wallpaper-statusbar-fix.apk,original/META-INF/ZHIUI.RSA,modified,original,950AD83DE71410B1465C9761EDC7C1F579D95E583626F6062DA90A31F8520CB3,61725086ADE16D68AE0F7E21FCF9BEB6B2CF0776698752BC8F069E0909CEF977
zhiui-final-v3.1-wallpaper-statusbar-fix.apk,zhiui-final-v3.2-wallpaper-statusbar-fix.apk,original/META-INF/ZHIUI.SF,modified,original,208F5A6370EDC335AB1082EBDBB31815AAA35D73DE8EA853ADD58960D3104008,F673F46892C820F8D679B7FBE302574081794A5F3D6CBEB9C3C042F0AC6E816C
zhiui-final-v3.1-wallpaper-statusbar-fix.apk,zhiui-final-v3.2-wallpaper-statusbar-fix.apk,smali/com/byd/launcher/NavBarService.smali,modified,smali,A396141C1663A84DE3A033B827963D0A30C9E000D2F99FCCD4D752A3EC1B7DDE,2DA49970F5D9C4B6304D8D0C2FCCE898C8E0F4329DEBA29692AB31FE7D3774DA
zhiui-final-v3.2-wallpaper-statusbar-fix.apk,zhiui-final-v3.3-wallpaper-statusbar-stability-fix.apk,apktool.yml,modified,apktool.yml,3375CE30F865BEFDC55AFA866FCABBB3B648ADF997AFEBB4FD7F0D2B7AB5840A,564D59185907BBE5FD5956AC03AA7368C8784327FE8986456332443C0DF1DC32
zhiui-final-v3.2-wallpaper-statusbar-fix.apk,zhiui-final-v3.3-wallpaper-statusbar-stability-fix.apk,original/META-INF/MANIFEST.MF,modified,original,158AF2865318B8AC2CD2EDC240D889C343F305C3C4FC7AB16B380093CE02FD13,DD925624B24E589F4A2205CCA4537C29D4F5688071C39B1ED94055AD4D0D79A7
zhiui-final-v3.2-wallpaper-statusbar-fix.apk,zhiui-final-v3.3-wallpaper-statusbar-stability-fix.apk,original/META-INF/ZHIUI.RSA,modified,original,61725086ADE16D68AE0F7E21FCF9BEB6B2CF0776698752BC8F069E0909CEF977,A3793CE63EA386E7D1623EABCD5B5FF2C2EB8BB6831C8568BBDBDFD995984EB9
zhiui-final-v3.2-wallpaper-statusbar-fix.apk,zhiui-final-v3.3-wallpaper-statusbar-stability-fix.apk,original/META-INF/ZHIUI.SF,modified,original,F673F46892C820F8D679B7FBE302574081794A5F3D6CBEB9C3C042F0AC6E816C,43B3077BE9415C69140900B5E1116672730B056CDC26D8EEC022F5EA353ABDD2
zhiui-final-v3.2-wallpaper-statusbar-fix.apk,zhiui-final-v3.3-wallpaper-statusbar-stability-fix.apk,smali/com/byd/launcher/NavBarService.smali,modified,smali,2DA49970F5D9C4B6304D8D0C2FCCE898C8E0F4329DEBA29692AB31FE7D3774DA,5E8B3AA09166FED4D9D8296286EDD2B1B04315147DC07EDA792F9D9A78884DFD
zhiui-final-v3.3-wallpaper-statusbar-stability-fix.apk,zhiui-final-v3.4-netease-lyrics-auth-prep.apk,apktool.yml,modified,apktool.yml,564D59185907BBE5FD5956AC03AA7368C8784327FE8986456332443C0DF1DC32,C0DF99CD9BDC71CE5630E59C1D385E0202EC47257103D1584A3276CD2BCE4D3A
zhiui-final-v3.3-wallpaper-statusbar-stability-fix.apk,zhiui-final-v3.4-netease-lyrics-auth-prep.apk,original/META-INF/MANIFEST.MF,modified,original,DD925624B24E589F4A2205CCA4537C29D4F5688071C39B1ED94055AD4D0D79A7,C9AC9AD2443EC415607AC5F3F931DF02C103BD6FCE175A6248A09C68462028AB
zhiui-final-v3.3-wallpaper-statusbar-stability-fix.apk,zhiui-final-v3.4-netease-lyrics-auth-prep.apk,original/META-INF/ZHIUI.RSA,modified,original,A3793CE63EA386E7D1623EABCD5B5FF2C2EB8BB6831C8568BBDBDFD995984EB9,743CEB88A5B6D7E645CFCB2F8604E662DEB8C07DFBC40FF57000987FAE9678CA
zhiui-final-v3.3-wallpaper-statusbar-stability-fix.apk,zhiui-final-v3.4-netease-lyrics-auth-prep.apk,original/META-INF/ZHIUI.SF,modified,original,43B3077BE9415C69140900B5E1116672730B056CDC26D8EEC022F5EA353ABDD2,7EDCDB77DC0BA49C7807B44813B1D175B3CBEC599987BFFCC6F333EA9968A021
zhiui-final-v3.3-wallpaper-statusbar-stability-fix.apk,zhiui-final-v3.4-netease-lyrics-auth-prep.apk,smali/com/byd/launcher/NeteaseLyricsBridge.smali,added,smali,,C647CE3E0672FD14E6E047FC7C0F75F64FBDC97D00CA950C64C92B001A4D5489
zhiui-final-v3.3-wallpaper-statusbar-stability-fix.apk,zhiui-final-v3.4-netease-lyrics-auth-prep.apk,smali/o/ia.smali,modified,smali,140E166B3F80F316CB73F8B12AB7CAEA7E63E8640A5D7694F2E8F92E20035EF8,5B5CA5E919F5051A34FAEC1461246218680157BEEEAAF30CE971B808812BDDC2
zhiui-final-v3.4-netease-lyrics-auth-prep.apk,zhiui-final-v3.5-netease-car-mediasession-lyrics.apk,apktool.yml,modified,apktool.yml,C0DF99CD9BDC71CE5630E59C1D385E0202EC47257103D1584A3276CD2BCE4D3A,6012B0C2CB5C64554D7664FF071CE9440C10F6A68C44394B8A7C08B8FC1901D7
zhiui-final-v3.4-netease-lyrics-auth-prep.apk,zhiui-final-v3.5-netease-car-mediasession-lyrics.apk,original/META-INF/MANIFEST.MF,modified,original,C9AC9AD2443EC415607AC5F3F931DF02C103BD6FCE175A6248A09C68462028AB,A35950A6196CFA5909186AA756BC1BDF7FA7A3A4A129FE8B9B14BBD9CB66E22A
zhiui-final-v3.4-netease-lyrics-auth-prep.apk,zhiui-final-v3.5-netease-car-mediasession-lyrics.apk,original/META-INF/ZHIUI.RSA,modified,original,743CEB88A5B6D7E645CFCB2F8604E662DEB8C07DFBC40FF57000987FAE9678CA,E6C9E6FF99641B329351286FE676B7C47296FDEDE82435E617FA3810734A26DD
zhiui-final-v3.4-netease-lyrics-auth-prep.apk,zhiui-final-v3.5-netease-car-mediasession-lyrics.apk,original/META-INF/ZHIUI.SF,modified,original,7EDCDB77DC0BA49C7807B44813B1D175B3CBEC599987BFFCC6F333EA9968A021,4E78D0EC72167813A19F19CF3D01EC1287780ACBB5DE3DBB92EA013413FF18A3
zhiui-final-v3.4-netease-lyrics-auth-prep.apk,zhiui-final-v3.5-netease-car-mediasession-lyrics.apk,smali/com/byd/launcher/NeteaseLyricsBridge.smali,modified,smali,C647CE3E0672FD14E6E047FC7C0F75F64FBDC97D00CA950C64C92B001A4D5489,2AB0AAF0863DCE5AF98A208BE7B81F5577B14871B0DDE185776B1D69D0363DC6
zhiui-final-v3.4-netease-lyrics-auth-prep.apk,zhiui-final-v3.5-netease-car-mediasession-lyrics.apk,smali/o/y8.smali,modified,smali,23AD3CD07AD779B2E69F645B2CDB67B81E0349D482E74E0992F600F8CA38AC73,8EB26DA45CF064DED6A79B3E3471AA34E072AC35A40983E6834CB4E9470103FD
zhiui-final-v3.5-netease-car-mediasession-lyrics.apk,zhiui-final-v3.5.1-netease-car-mediasession-lyrics.apk,apktool.yml,modified,apktool.yml,6012B0C2CB5C64554D7664FF071CE9440C10F6A68C44394B8A7C08B8FC1901D7,DB6D1AC608ABDFD51B5D18E9BEA67EA0F3863376BDF873ABF8A669687430DE21
zhiui-final-v3.5-netease-car-mediasession-lyrics.apk,zhiui-final-v3.5.1-netease-car-mediasession-lyrics.apk,original/META-INF/MANIFEST.MF,modified,original,A35950A6196CFA5909186AA756BC1BDF7FA7A3A4A129FE8B9B14BBD9CB66E22A,102427C04AFD897E768C8861CDB3DD9BB80318EEF8B2C8D3718B65FF00D1AF6E
zhiui-final-v3.5-netease-car-mediasession-lyrics.apk,zhiui-final-v3.5.1-netease-car-mediasession-lyrics.apk,original/META-INF/ZHIUI.RSA,modified,original,E6C9E6FF99641B329351286FE676B7C47296FDEDE82435E617FA3810734A26DD,91C7E31B88688DDA9936018A173CFE5F5AB0D2CF136F84001575B33D6C4CF5F6
zhiui-final-v3.5-netease-car-mediasession-lyrics.apk,zhiui-final-v3.5.1-netease-car-mediasession-lyrics.apk,original/META-INF/ZHIUI.SF,modified,original,4E78D0EC72167813A19F19CF3D01EC1287780ACBB5DE3DBB92EA013413FF18A3,B181D6B1FDB784C2529CC4001B2E45D40AC6A468D5B5EAAD2E3116E712BA3723
zhiui-final-v3.5-netease-car-mediasession-lyrics.apk,zhiui-final-v3.5.1-netease-car-mediasession-lyrics.apk,smali/com/byd/launcher/NeteaseLyricsBridge.smali,modified,smali,2AB0AAF0863DCE5AF98A208BE7B81F5577B14871B0DDE185776B1D69D0363DC6,F0F9BBD873F78E167B96CA245497C64B33AEC8AA9EE86EF6EA9505F62FDC1C12
zhiui-final-v3.5-netease-car-mediasession-lyrics.apk,zhiui-final-v3.5.1-netease-car-mediasession-lyrics.apk,smali/o/y8.smali,modified,smali,8EB26DA45CF064DED6A79B3E3471AA34E072AC35A40983E6834CB4E9470103FD,AA108A4653431E09CEA1181AC830F11AB4FE7F32A7EDD2D2CEBC7EE63FB763FE
zhiui-final-v3.5.1-netease-car-mediasession-lyrics.apk,zhiui-final-v3.5.2-netease-car-mediasession-lyrics.apk,apktool.yml,modified,apktool.yml,DB6D1AC608ABDFD51B5D18E9BEA67EA0F3863376BDF873ABF8A669687430DE21,DB2415D0ACAD04560CA3B0B38CC75CAAE7B52F78A2A39337D8F0F0E23A3457F4
zhiui-final-v3.5.1-netease-car-mediasession-lyrics.apk,zhiui-final-v3.5.2-netease-car-mediasession-lyrics.apk,original/META-INF/MANIFEST.MF,modified,original,102427C04AFD897E768C8861CDB3DD9BB80318EEF8B2C8D3718B65FF00D1AF6E,D079B472A3FA51BCFED22E8CAC75C9887244C1050F59D9AE1913CB7E4C6C6D6F
zhiui-final-v3.5.1-netease-car-mediasession-lyrics.apk,zhiui-final-v3.5.2-netease-car-mediasession-lyrics.apk,original/META-INF/ZHIUI.RSA,modified,original,91C7E31B88688DDA9936018A173CFE5F5AB0D2CF136F84001575B33D6C4CF5F6,A0246AB850EE0A5D6B7DD76FF7CF5CAE1BB52E93BF6C8A31F994B3BFEFE7486F
zhiui-final-v3.5.1-netease-car-mediasession-lyrics.apk,zhiui-final-v3.5.2-netease-car-mediasession-lyrics.apk,original/META-INF/ZHIUI.SF,modified,original,B181D6B1FDB784C2529CC4001B2E45D40AC6A468D5B5EAAD2E3116E712BA3723,591DD7C8949F3D077F8F1E18CFEE0F3990A484EBA949DAB4D7595B83418BA030
zhiui-final-v3.5.1-netease-car-mediasession-lyrics.apk,zhiui-final-v3.5.2-netease-car-mediasession-lyrics.apk,smali/com/byd/launcher/NeteaseLyricsBridge.smali,modified,smali,F0F9BBD873F78E167B96CA245497C64B33AEC8AA9EE86EF6EA9505F62FDC1C12,5783F1205352173DEDEE2081B0A0B28069B1D192BF6538B546863406F6316A94
zhiui-final-v3.5.2-netease-car-mediasession-lyrics.apk,zhiui-final-v3.5.3-statusbar-flicker-fix.apk,apktool.yml,modified,apktool.yml,DB2415D0ACAD04560CA3B0B38CC75CAAE7B52F78A2A39337D8F0F0E23A3457F4,78B941AF59ECFC991183CF6DB89C4A432C9ABA440BC9606686AFF64A9DA223E9
zhiui-final-v3.5.2-netease-car-mediasession-lyrics.apk,zhiui-final-v3.5.3-statusbar-flicker-fix.apk,original/META-INF/MANIFEST.MF,modified,original,D079B472A3FA51BCFED22E8CAC75C9887244C1050F59D9AE1913CB7E4C6C6D6F,07D7CA5D52BA17A1EB918D27553F1C7A632553517F1B144E86DDBFD48C54C121
zhiui-final-v3.5.2-netease-car-mediasession-lyrics.apk,zhiui-final-v3.5.3-statusbar-flicker-fix.apk,original/META-INF/ZHIUI.RSA,modified,original,A0246AB850EE0A5D6B7DD76FF7CF5CAE1BB52E93BF6C8A31F994B3BFEFE7486F,148F1A644E39C6821DAFFA02F2176F442C2770F7D089D2073423A0E23D8F829D
zhiui-final-v3.5.2-netease-car-mediasession-lyrics.apk,zhiui-final-v3.5.3-statusbar-flicker-fix.apk,original/META-INF/ZHIUI.SF,modified,original,591DD7C8949F3D077F8F1E18CFEE0F3990A484EBA949DAB4D7595B83418BA030,A7139521875FB225A8A975B6A8B924815FEEF5360A0DE16051F43C58B1398399
zhiui-final-v3.5.2-netease-car-mediasession-lyrics.apk,zhiui-final-v3.5.3-statusbar-flicker-fix.apk,smali/com/byd/launcher/NavBarService.smali,modified,smali,5E8B3AA09166FED4D9D8296286EDD2B1B04315147DC07EDA792F9D9A78884DFD,7B9E0979944FE84D168879CB7CB51D02460F3F51816542738F9832F4BF626C77
zhiui-final-v3.5.3-statusbar-flicker-fix.apk,zhiui-final-v3.6-lrclib-lyrics.apk,apktool.yml,modified,apktool.yml,78B941AF59ECFC991183CF6DB89C4A432C9ABA440BC9606686AFF64A9DA223E9,A6344F9476A8FBF55D712B9CD602D939C50C10B05172111CA95BB1CE45568D16
zhiui-final-v3.5.3-statusbar-flicker-fix.apk,zhiui-final-v3.6-lrclib-lyrics.apk,original/META-INF/MANIFEST.MF,modified,original,07D7CA5D52BA17A1EB918D27553F1C7A632553517F1B144E86DDBFD48C54C121,0BE2E476E0F06514FC4C2A005F93120B1AEE3FFD149FCF997C7554968F7CD8D0
zhiui-final-v3.5.3-statusbar-flicker-fix.apk,zhiui-final-v3.6-lrclib-lyrics.apk,original/META-INF/ZHIUI.RSA,modified,original,148F1A644E39C6821DAFFA02F2176F442C2770F7D089D2073423A0E23D8F829D,2AAE9CD4F9DDA16B65A456EA6DFEB7ED2B6787DEA377B5755FFFCA43DB106231
zhiui-final-v3.5.3-statusbar-flicker-fix.apk,zhiui-final-v3.6-lrclib-lyrics.apk,original/META-INF/ZHIUI.SF,modified,original,A7139521875FB225A8A975B6A8B924815FEEF5360A0DE16051F43C58B1398399,0D64C5DD291EC08AE9FAEC46E3647B37E1DDA47BC8D1A621E33B5E1AA52735EC
zhiui-final-v3.5.3-statusbar-flicker-fix.apk,zhiui-final-v3.6-lrclib-lyrics.apk,smali/com/byd/launcher/NeteaseLyricsBridge$1.smali,added,smali,,CCDA7389FB63F2DF27F28B1DB798F4A7B813A8DBAF2117A8E29CFBEA62E0C3B1
zhiui-final-v3.5.3-statusbar-flicker-fix.apk,zhiui-final-v3.6-lrclib-lyrics.apk,smali/com/byd/launcher/NeteaseLyricsBridge$2.smali,added,smali,,C1E4164F662371FC9DDBB6C1AAD9EDE1683EA8283C83F22C350ED999A4512F7F
zhiui-final-v3.5.3-statusbar-flicker-fix.apk,zhiui-final-v3.6-lrclib-lyrics.apk,smali/com/byd/launcher/NeteaseLyricsBridge$3.smali,added,smali,,074FA04893535F42FB028F2E39ECA39A00EC43DBD5AF4BCDC70C78800535FC1D
zhiui-final-v3.5.3-statusbar-flicker-fix.apk,zhiui-final-v3.6-lrclib-lyrics.apk,smali/com/byd/launcher/NeteaseLyricsBridge$FetchTask.smali,added,smali,,B1819B1A1EFFD246E8B8EAEF54EF83A81FA6A036D98602818D5139D67A92F35F
zhiui-final-v3.5.3-statusbar-flicker-fix.apk,zhiui-final-v3.6-lrclib-lyrics.apk,smali/com/byd/launcher/NeteaseLyricsBridge$LyricLine.smali,added,smali,,F008879ACB40E83C84F1FCB7D78C2892FFE07A240A2BC88832468E2FF1A529AB
zhiui-final-v3.5.3-statusbar-flicker-fix.apk,zhiui-final-v3.6-lrclib-lyrics.apk,smali/com/byd/launcher/NeteaseLyricsBridge.smali,modified,smali,5783F1205352173DEDEE2081B0A0B28069B1D192BF6538B546863406F6316A94,84A8FB987370BB5A61A0D8A92EF5CAC2DDD59C70FE83040A6BEB5A76D5425641
zhiui-final-v3.5.3-statusbar-flicker-fix.apk,zhiui-final-v3.6-lrclib-lyrics.apk,smali/o/y8.smali,modified,smali,AA108A4653431E09CEA1181AC830F11AB4FE7F32A7EDD2D2CEBC7EE63FB763FE,0CE4795ABAD8F347C6CF49F9C12C600FA9625889AEAFDC09A8438BE94DA7B8FC
zhiui-final-v3.6-lrclib-lyrics.apk,zhiui-final-v3.7-dd-aircon-popup.apk,apktool.yml,modified,apktool.yml,A6344F9476A8FBF55D712B9CD602D939C50C10B05172111CA95BB1CE45568D16,01F6BBB782F3BFCC55B4B5662B84E23ABB6836AA75995CF492D6FFABD2C658F9
zhiui-final-v3.6-lrclib-lyrics.apk,zhiui-final-v3.7-dd-aircon-popup.apk,original/META-INF/MANIFEST.MF,modified,original,0BE2E476E0F06514FC4C2A005F93120B1AEE3FFD149FCF997C7554968F7CD8D0,D3BBAD9AEDCD76526F6D653255F95A390F153CED35104AEF9671765135077C98
zhiui-final-v3.6-lrclib-lyrics.apk,zhiui-final-v3.7-dd-aircon-popup.apk,original/META-INF/ZHIUI.RSA,modified,original,2AAE9CD4F9DDA16B65A456EA6DFEB7ED2B6787DEA377B5755FFFCA43DB106231,80501C25D3FD7F8B92549385078EDA8FEBD63411D7124A3EAEB850A93FF18BE8
zhiui-final-v3.6-lrclib-lyrics.apk,zhiui-final-v3.7-dd-aircon-popup.apk,original/META-INF/ZHIUI.SF,modified,original,0D64C5DD291EC08AE9FAEC46E3647B37E1DDA47BC8D1A621E33B5E1AA52735EC,87624547FD4B20761E910B1757A9FFE1421A016A22FAA6866AF933716986095D
zhiui-final-v3.6-lrclib-lyrics.apk,zhiui-final-v3.7-dd-aircon-popup.apk,res/layout/vehicle_control_panel.xml,modified,res,3EBE3DFAAC7248F0C57612CE86A3A226E3F0C33361E8AEFC97326E05CD0E9AF2,2558E883B0A565071928CA227110FDDFB2EF132B702BE664721D084C9FE890BD
zhiui-final-v3.6-lrclib-lyrics.apk,zhiui-final-v3.7-dd-aircon-popup.apk,smali/com/byd/launcher/AirControlPanel.smali,modified,smali,303B0A201AFD3A8171F3C9EA3AB5C11B35A6DFCC237B7C80BF1523BA29C3A813,4CC2E3892296DF53D825B675673F871D827B4FCB46E134B90DFD34064D9A6BB0
zhiui-final-v3.6-lrclib-lyrics.apk,zhiui-final-v3.7-dd-aircon-popup.apk,smali/com/byd/launcher/AirControlPanelClickListener.smali,modified,smali,520DC96BB8CAB2EFC127F261E305D7DD7C2B76410BC781BCABC14B1762D00BBB,6DA43F4D31871ACCF19CECB8DB93C8DD38F4EF8BF770592F387338679ACB25D2
zhiui-final-v3.7-dd-aircon-popup.apk,zhiui-final-v3.7-dd-aircon-popup-r1.apk,apktool.yml,modified,apktool.yml,01F6BBB782F3BFCC55B4B5662B84E23ABB6836AA75995CF492D6FFABD2C658F9,66D50E10B607FC8F4E82950B08B6EBDF32F28FAEF3685E91F2BB808C5EAA857B
zhiui-final-v3.7-dd-aircon-popup-r1.apk,zhiui-final-v3.8-global-system-bars-toggle-r1.apk,apktool.yml,modified,apktool.yml,66D50E10B607FC8F4E82950B08B6EBDF32F28FAEF3685E91F2BB808C5EAA857B,31F0CC6443D9A45050EB2C097F629B9E1468C664F662C28C645D5F945215DCCD
zhiui-final-v3.7-dd-aircon-popup-r1.apk,zhiui-final-v3.8-global-system-bars-toggle-r1.apk,original/META-INF/MANIFEST.MF,modified,original,D3BBAD9AEDCD76526F6D653255F95A390F153CED35104AEF9671765135077C98,54925F4B38F10AE1045AE96AA6969D6B8D30CDD35821A5E1275DFBC76BAC46C2
zhiui-final-v3.7-dd-aircon-popup-r1.apk,zhiui-final-v3.8-global-system-bars-toggle-r1.apk,original/META-INF/ZHIUI.RSA,modified,original,80501C25D3FD7F8B92549385078EDA8FEBD63411D7124A3EAEB850A93FF18BE8,A9C8A47023049C9553A7E81E5D6252165651CC21D47D3C3D1227BDDC0353F63E
zhiui-final-v3.7-dd-aircon-popup-r1.apk,zhiui-final-v3.8-global-system-bars-toggle-r1.apk,original/META-INF/ZHIUI.SF,modified,original,87624547FD4B20761E910B1757A9FFE1421A016A22FAA6866AF933716986095D,7BD41C221A8F458124E78063782A452714505B94E90126C01450BBCE2B07CEA0
zhiui-final-v3.7-dd-aircon-popup-r1.apk,zhiui-final-v3.8-global-system-bars-toggle-r1.apk,res/layout/dialog_settings.xml,modified,res,D3BBFB7E542417F0A0C7CB2773C9495F531CF980AFC447A846DC5B30CAF4D4A7,CEB4568AC88B2B5AA3F50C60C1B40EF25B6F24A3FDF01E56C37529F8B73D4F1F
zhiui-final-v3.7-dd-aircon-popup-r1.apk,zhiui-final-v3.8-global-system-bars-toggle-r1.apk,smali/o/vl.smali,modified,smali,FC21E3C321BD5F1067C78D55A025E5D408A8EEC66FBED22954AFDD745493C29B,44D790D59F6C8FF17EF28022CD9E987CB9A5E2CC39207D570B16AB522AB28B86
zhiui-final-v3.7-dd-aircon-popup-r1.apk,zhiui-final-v3.8-global-system-bars-toggle-r1.apk,smali/o/zk.smali,modified,smali,1436FD79C1AA9B236A33A7CEEA738BE807F0438CA948CE744657B9CD5C752E6C,64E878B2E4B651D97460358A9DA50470784C75BCC0C4162387CB61E1C0C2E528
zhiui-final-v3.8-global-system-bars-toggle-r1.apk,zhiui-final-v3.9-home-return-fix-r1.apk,apktool.yml,modified,apktool.yml,31F0CC6443D9A45050EB2C097F629B9E1468C664F662C28C645D5F945215DCCD,BC1E84B40EBC7EDCDF3FD40C76EDB7C6BB5E6D90A52E77D097B5A5E788973332
zhiui-final-v3.8-global-system-bars-toggle-r1.apk,zhiui-final-v3.9-home-return-fix-r1.apk,original/META-INF/MANIFEST.MF,modified,original,54925F4B38F10AE1045AE96AA6969D6B8D30CDD35821A5E1275DFBC76BAC46C2,F22220F03F3FDC79ED09E79268C3699AE1D6EECA5E99901760ABDB7AD5789C72
zhiui-final-v3.8-global-system-bars-toggle-r1.apk,zhiui-final-v3.9-home-return-fix-r1.apk,original/META-INF/ZHIUI.RSA,modified,original,A9C8A47023049C9553A7E81E5D6252165651CC21D47D3C3D1227BDDC0353F63E,7A9A49996617115628921BD38F92D705E6ED4AFBFE4ADA186DB74E5E44AD4521
zhiui-final-v3.8-global-system-bars-toggle-r1.apk,zhiui-final-v3.9-home-return-fix-r1.apk,original/META-INF/ZHIUI.SF,modified,original,7BD41C221A8F458124E78063782A452714505B94E90126C01450BBCE2B07CEA0,8A2A14AFD3A4BBF88F926425D76CA0CDC3B425A168BFE60D08044F736D488F46
zhiui-final-v3.8-global-system-bars-toggle-r1.apk,zhiui-final-v3.9-home-return-fix-r1.apk,smali/com/byd/launcher/NavBarService.smali,modified,smali,7B9E0979944FE84D168879CB7CB51D02460F3F51816542738F9832F4BF626C77,6B9B2F3FB81318FAB0C4BC6AE13E744BE6F6EAD9835961B30F0E6AC6FE545AE4
zhiui-final-v3.9-home-return-fix-r1.apk,zhiui-final-v3.10-lyrics-expanded-no-clock-r1.apk,apktool.yml,modified,apktool.yml,BC1E84B40EBC7EDCDF3FD40C76EDB7C6BB5E6D90A52E77D097B5A5E788973332,46C340A950352384CF57A819CBD1AA9967164CDB574ADAF6033CE503C1605174
zhiui-final-v3.9-home-return-fix-r1.apk,zhiui-final-v3.10-lyrics-expanded-no-clock-r1.apk,original/META-INF/MANIFEST.MF,modified,original,F22220F03F3FDC79ED09E79268C3699AE1D6EECA5E99901760ABDB7AD5789C72,3F4E0A32B3924F404B0C1EBC77FADB0D6CC0859DCD6C5C2DF566B8DDBF2E3289
zhiui-final-v3.9-home-return-fix-r1.apk,zhiui-final-v3.10-lyrics-expanded-no-clock-r1.apk,original/META-INF/ZHIUI.RSA,modified,original,7A9A49996617115628921BD38F92D705E6ED4AFBFE4ADA186DB74E5E44AD4521,5062968C5D71F1497ECCE06AE3EFCA1217DBD670988FB410BBAC8EBE9B046DD0
zhiui-final-v3.9-home-return-fix-r1.apk,zhiui-final-v3.10-lyrics-expanded-no-clock-r1.apk,original/META-INF/ZHIUI.SF,modified,original,8A2A14AFD3A4BBF88F926425D76CA0CDC3B425A168BFE60D08044F736D488F46,20F53ECA3981FB469FC2DD6FCE951D2BCCEAB123BC058C249A14EF8450760F6B
zhiui-final-v3.9-home-return-fix-r1.apk,zhiui-final-v3.10-lyrics-expanded-no-clock-r1.apk,res/layout/activity_main.xml,modified,res,827178F3590D0F1475D8E77A479196EEFA4B2B3046ED2EC3864E0C0E03574A32,1DC5F821CA50C61C0EEFB32FBA0D859389979F2E362C56104339B07053AB0386
zhiui-final-v3.10-lyrics-expanded-no-clock-r1.apk,zhiui-final-v3.11-lyrics-click-music-app-r1.apk,apktool.yml,modified,apktool.yml,46C340A950352384CF57A819CBD1AA9967164CDB574ADAF6033CE503C1605174,7DEA9DCC4F8BAB013C44A90FF29C15403B2C888E85437D0D31132D0A945BF462
zhiui-final-v3.10-lyrics-expanded-no-clock-r1.apk,zhiui-final-v3.11-lyrics-click-music-app-r1.apk,original/META-INF/MANIFEST.MF,modified,original,3F4E0A32B3924F404B0C1EBC77FADB0D6CC0859DCD6C5C2DF566B8DDBF2E3289,A35C76E96E21305850685DA35E61275BB7B6AF816DBC363FC97A6AA3474F994A
zhiui-final-v3.10-lyrics-expanded-no-clock-r1.apk,zhiui-final-v3.11-lyrics-click-music-app-r1.apk,original/META-INF/ZHIUI.RSA,modified,original,5062968C5D71F1497ECCE06AE3EFCA1217DBD670988FB410BBAC8EBE9B046DD0,4047FE16A5BD857B1E05EC50316BD8D06414CF094C669FB9D92ACD163D2D144D
zhiui-final-v3.10-lyrics-expanded-no-clock-r1.apk,zhiui-final-v3.11-lyrics-click-music-app-r1.apk,original/META-INF/ZHIUI.SF,modified,original,20F53ECA3981FB469FC2DD6FCE951D2BCCEAB123BC058C249A14EF8450760F6B,E51DD4BAC993D4BD1ADACA93890CEBE9AB985FAF40F0078D00323FC5029AD502
zhiui-final-v3.10-lyrics-expanded-no-clock-r1.apk,zhiui-final-v3.11-lyrics-click-music-app-r1.apk,smali/com/byd/launcher/LyricsCardMusicClickListener.smali,added,smali,,3960AE22E006660520627E3781C4724CF63E17DEBF6056A4801E013735FF1C98
zhiui-final-v3.10-lyrics-expanded-no-clock-r1.apk,zhiui-final-v3.11-lyrics-click-music-app-r1.apk,smali/com/byd/launcher/MainActivity.smali,modified,smali,09532D86467A2AD7F70F28FED509583238380ED35B9D7E4103693CA890E73276,406A65FD2FB48912C00DF2290267157CCA42086575024342C00408CBBCFC642C
