apk,path,size,sha256,signature_exit,cert_sha256,badging_exit,package,version_code,version_name
ORIGINAL_BASELINE.apk,D:\apk\ORIGINAL_BASELINE.apk,29799983,93042E48C12ED395E8F5D450BE1285E0397897F685EE95AC4080763B6E6DCCD9,0,4D61B9F1AB18DFDE56A19EC9D98EC6BE254A1B8362B444E19AEC0E7E4576DF48,0,com.byd.launcher,1,1.0
original.apk,D:\apk\original.apk,29799983,93042E48C12ED395E8F5D450BE1285E0397897F685EE95AC4080763B6E6DCCD9,0,4D61B9F1AB18DFDE56A19EC9D98EC6BE254A1B8362B444E19AEC0E7E4576DF48,0,com.byd.launcher,1,1.0
智UI_V0.4.2.apk,D:\apk\智UI_V0.4.2.apk,29799983,93042E48C12ED395E8F5D450BE1285E0397897F685EE95AC4080763B6E6DCCD9,0,4D61B9F1AB18DFDE56A19EC9D98EC6BE254A1B8362B444E19AEC0E7E4576DF48,1,,,
Launcher_Rebuild_Test.apk,D:\apk\Launcher_Rebuild_Test.apk,30063935,FF06F8215156DC6CDA888C699B42FD5706A7E5E44E97227A0340A4EEA24DAAE9,0,C2BA875AFBF2EFBBFFF44CB64D4D5E16DD4CB1FEF56E441FC8C3BDE019FDB13C,0,com.byd.launcher,1,1.0
zhiui-final-v2.apk,D:\apk\zhiui-final-v2.apk,30063935,ADA7BD1DA144470F8C05BD24F0A7D8A27D00C435C0146D517F455D9F112FF1DC,0,C2BA875AFBF2EFBBFFF44CB64D4D5E16DD4CB1FEF56E441FC8C3BDE019FDB13C,0,com.byd.launcher,1,1.0
zhiui-final-v3-statusbar-fix.apk,D:\apk\zhiui-final-v3-statusbar-fix.apk,30063935,3FD7013F6A5D451D109B9730DAA89965B14692607347247EF89A6530FE7CEC66,0,C2BA875AFBF2EFBBFFF44CB64D4D5E16DD4CB1FEF56E441FC8C3BDE019FDB13C,0,com.byd.launcher,1,1.0
zhiui-final-v3.1-wallpaper-statusbar-fix.apk,D:\apk\zhiui-final-v3.1-wallpaper-statusbar-fix.apk,30063935,C57380C53055CAB9CD21ACFF56F97781CE740941025B1C34D22D41188242BC66,0,C2BA875AFBF2EFBBFFF44CB64D4D5E16DD4CB1FEF56E441FC8C3BDE019FDB13C,0,com.byd.launcher,1,1.0
zhiui-final-v3.10-lyrics-expanded-no-clock-r1.apk,D:\apk\zhiui-final-v3.10-lyrics-expanded-no-clock-r1.apk,30063935,D8B1804CFDFC7DB1F23C2AA6A77EA855FBD478D4C62DD6F2910CD6029C99987F,0,C2BA875AFBF2EFBBFFF44CB64D4D5E16DD4CB1FEF56E441FC8C3BDE019FDB13C,0,com.byd.launcher,1,1.0
zhiui-final-v3.11-lyrics-click-music-app-r1.apk,D:\apk\zhiui-final-v3.11-lyrics-click-music-app-r1.apk,30063935,216432903EDFD70E9F774C6EF9B1379BD3ABC9D80C52E8B7D79386EDE3698710,0,C2BA875AFBF2EFBBFFF44CB64D4D5E16DD4CB1FEF56E441FC8C3BDE019FDB13C,0,com.byd.launcher,1,1.0
zhiui-final-v3.2-wallpaper-statusbar-fix.apk,D:\apk\zhiui-final-v3.2-wallpaper-statusbar-fix.apk,30063935,837F67EF80AD09563E4C2C690872BB304F2A775996716B72FEBC229AB91EB313,0,C2BA875AFBF2EFBBFFF44CB64D4D5E16DD4CB1FEF56E441FC8C3BDE019FDB13C,0,com.byd.launcher,1,1.0
zhiui-final-v3.3-wallpaper-statusbar-stability-fix.apk,D:\apk\zhiui-final-v3.3-wallpaper-statusbar-stability-fix.apk,30063935,852231B14B7488D9F7A2D69E88DC7579A2590280DB5528E5D074AC5596F2FDBE,0,C2BA875AFBF2EFBBFFF44CB64D4D5E16DD4CB1FEF56E441FC8C3BDE019FDB13C,0,com.byd.launcher,1,1.0
zhiui-final-v3.4-netease-lyrics-auth-prep.apk,D:\apk\zhiui-final-v3.4-netease-lyrics-auth-prep.apk,30063935,EE6CF1F7F5EDCC28F0BED4EA32E1CE1E5F0DAE1B1A590250F32FDFD76FDA24CF,0,C2BA875AFBF2EFBBFFF44CB64D4D5E16DD4CB1FEF56E441FC8C3BDE019FDB13C,0,com.byd.launcher,1,1.0
zhiui-final-v3.5-netease-car-mediasession-lyrics.apk,D:\apk\zhiui-final-v3.5-netease-car-mediasession-lyrics.apk,30063935,A39B1E53D54E9E68DCB0339E7F60B2E9BC376FDD78A7FA9EB9FFE60247312602,0,C2BA875AFBF2EFBBFFF44CB64D4D5E16DD4CB1FEF56E441FC8C3BDE019FDB13C,0,com.byd.launcher,1,1.0
zhiui-final-v3.5.1-netease-car-mediasession-lyrics.apk,D:\apk\zhiui-final-v3.5.1-netease-car-mediasession-lyrics.apk,30063935,88C42AA6933465213F881BEE9BA9740F55D9C5B6B0B58B8C283C863A8662810C,0,C2BA875AFBF2EFBBFFF44CB64D4D5E16DD4CB1FEF56E441FC8C3BDE019FDB13C,0,com.byd.launcher,1,1.0
zhiui-final-v3.5.2-netease-car-mediasession-lyrics.apk,D:\apk\zhiui-final-v3.5.2-netease-car-mediasession-lyrics.apk,30063935,AC9B874D8A6A5A49C084302F8E756D26EB9A0CC444277B20ADCA7CDBE6A996B7,0,C2BA875AFBF2EFBBFFF44CB64D4D5E16DD4CB1FEF56E441FC8C3BDE019FDB13C,0,com.byd.launcher,1,1.0
zhiui-final-v3.5.3-statusbar-flicker-fix.apk,D:\apk\zhiui-final-v3.5.3-statusbar-flicker-fix.apk,30063935,D6A31810B6B42C889EA8E54567C83D92BEA8730B1C9B22EA834A4AFD3E02D829,0,C2BA875AFBF2EFBBFFF44CB64D4D5E16DD4CB1FEF56E441FC8C3BDE019FDB13C,0,com.byd.launcher,1,1.0
zhiui-final-v3.6-lrclib-lyrics.apk,D:\apk\zhiui-final-v3.6-lrclib-lyrics.apk,30063935,95CDFF2E875FC7ABB05E5FF1A411CBE0355CB7B93B91E1E040E9B13806A49066,0,C2BA875AFBF2EFBBFFF44CB64D4D5E16DD4CB1FEF56E441FC8C3BDE019FDB13C,0,com.byd.launcher,1,1.0
zhiui-final-v3.7-dd-aircon-popup-r1.apk,D:\apk\zhiui-final-v3.7-dd-aircon-popup-r1.apk,30063935,F06143433851D327CA7DE7FE850A8BF9058A3D70F66485F4A37271D79DBFB9A7,0,C2BA875AFBF2EFBBFFF44CB64D4D5E16DD4CB1FEF56E441FC8C3BDE019FDB13C,0,com.byd.launcher,1,1.0
zhiui-final-v3.7-dd-aircon-popup.apk,D:\apk\zhiui-final-v3.7-dd-aircon-popup.apk,30063935,F2471C3EA8A74C5BA50A013F1F56C582B23F15F5E03F4FE1B8F60789AFD80DF8,0,C2BA875AFBF2EFBBFFF44CB64D4D5E16DD4CB1FEF56E441FC8C3BDE019FDB13C,0,com.byd.launcher,1,1.0
zhiui-final-v3.8-global-system-bars-toggle-r1.apk,D:\apk\zhiui-final-v3.8-global-system-bars-toggle-r1.apk,30063935,D80DB56052D3E83112E27EBB684BD4A270AE452BCC873A0D3E64ED441BEB2D14,0,C2BA875AFBF2EFBBFFF44CB64D4D5E16DD4CB1FEF56E441FC8C3BDE019FDB13C,0,com.byd.launcher,1,1.0
zhiui-final-v3.9-home-return-fix-r1.apk,D:\apk\zhiui-final-v3.9-home-return-fix-r1.apk,30063935,8E499829FB430B18BEE4752319B0F00F95C8884A6998AEDB84FC7A50966E4C8A,0,C2BA875AFBF2EFBBFFF44CB64D4D5E16DD4CB1FEF56E441FC8C3BDE019FDB13C,0,com.byd.launcher,1,1.0
zhiui-stability-s1-systembars-r1.apk,D:\apk\zhiui-stability-s1-systembars-r1.apk,30063935,3115734924E1D5C5FF5BFA516CB577394B53228060F4CE492969A38A0B4FF790,0,C2BA875AFBF2EFBBFFF44CB64D4D5E16DD4CB1FEF56E441FC8C3BDE019FDB13C,0,com.byd.launcher,1,1.0
