parent,candidate,path,method,before_line,after_line,status,evidence,disposition
ORIGINAL_BASELINE.apk,zhiui-final-v2.apk,smali/com/byd/launcher/AirControlPanel.smali,private static bind(Landroid/view/View;ILandroid/view/View$OnClickListener;)V,0,6,PENDING_REVIEW,,
ORIGINAL_BASELINE.apk,zhiui-final-v2.apk,smali/com/byd/launcher/AirControlPanel.smali,public static show(Lcom/byd/launcher/NavBarService;)V,0,21,PENDING_REVIEW,,
ORIGINAL_BASELINE.apk,zhiui-final-v2.apk,smali/com/byd/launcher/AirControlPanelClickListener.smali,public constructor <init>(Lcom/byd/launcher/NavBarService;Landroid/app/Dialog;)V,0,15,PENDING_REVIEW,,
ORIGINAL_BASELINE.apk,zhiui-final-v2.apk,smali/com/byd/launcher/AirControlPanelClickListener.smali,public final onClick(Landroid/view/View;)V,0,29,PENDING_REVIEW,,
ORIGINAL_BASELINE.apk,zhiui-final-v2.apk,smali/com/byd/launcher/MainActivity.smali,public final onCreate(Landroid/os/Bundle;)V,1960,1977,PENDING_REVIEW,,
ORIGINAL_BASELINE.apk,zhiui-final-v2.apk,smali/com/byd/launcher/MainActivity.smali,public final onResume()V,2467,2534,PENDING_REVIEW,,
ORIGINAL_BASELINE.apk,zhiui-final-v2.apk,smali/com/byd/launcher/MainActivity.smali,public static ͼ()Ljava/util/ArrayList;,443,445,PENDING_REVIEW,,
ORIGINAL_BASELINE.apk,zhiui-final-v2.apk,smali/com/byd/launcher/ModeKeyReceiver.smali,public constructor <init>()V,0,6,PENDING_REVIEW,,
ORIGINAL_BASELINE.apk,zhiui-final-v2.apk,smali/com/byd/launcher/ModeKeyReceiver.smali,public final onReceive(Landroid/content/Context;Landroid/content/Intent;)V,0,16,PENDING_REVIEW,,
ORIGINAL_BASELINE.apk,zhiui-final-v2.apk,smali/com/byd/launcher/NavBarService.smali,public final attachActivitySystemBars()V,0,3866,PENDING_REVIEW,,
ORIGINAL_BASELINE.apk,zhiui-final-v2.apk,smali/com/byd/launcher/NavBarService.smali,public final attachStatusBarToMainActivity()V,0,4043,PENDING_REVIEW,,
ORIGINAL_BASELINE.apk,zhiui-final-v2.apk,smali/com/byd/launcher/NavBarService.smali,public final getStatusBarField(Ljava/lang/String;)Ljava/lang/Object;,0,4262,PENDING_REVIEW,,
ORIGINAL_BASELINE.apk,zhiui-final-v2.apk,smali/com/byd/launcher/NavBarService.smali,public final onKeyEvent(Landroid/view/KeyEvent;)Z,5305,5773,PENDING_REVIEW,,
ORIGINAL_BASELINE.apk,zhiui-final-v2.apk,smali/com/byd/launcher/NavBarService.smali,public final setStatusBarField(Ljava/lang/String;Ljava/lang/Object;)V,0,7973,PENDING_REVIEW,,
ORIGINAL_BASELINE.apk,zhiui-final-v2.apk,smali/com/byd/launcher/NavBarService.smali,public final supportsFullscreenMetaData(Ljava/lang/String;Ljava/lang/String;)Z,0,8053,PENDING_REVIEW,,
ORIGINAL_BASELINE.apk,zhiui-final-v2.apk,smali/com/byd/launcher/NavBarService.smali,public final ζ(Landroid/view/View;)V,16835,17406,PENDING_REVIEW,,
ORIGINAL_BASELINE.apk,zhiui-final-v2.apk,smali/com/byd/launcher/NavBarService.smali,public final Ϟ()V,25231,25806,PENDING_REVIEW,,
ORIGINAL_BASELINE.apk,zhiui-final-v2.apk,smali/com/byd/launcher/NavBarService.smali,public final Ϡ(I)V,27101,27706,PENDING_REVIEW,,
ORIGINAL_BASELINE.apk,zhiui-final-v2.apk,smali/com/byd/launcher/NavBarService.smali,public onAccessibilityEvent(Landroid/view/accessibility/AccessibilityEvent;)V,3847,4290,PENDING_REVIEW,,
ORIGINAL_BASELINE.apk,zhiui-final-v2.apk,smali/com/byd/launcher/NavBarService.smali,public static constructor <clinit>()V,313,313,PENDING_REVIEW,,
ORIGINAL_BASELINE.apk,zhiui-final-v2.apk,smali/com/byd/launcher/NavBarService.smali,public static Ͱ(Lcom/byd/launcher/NavBarService;Ljava/lang/String;Ljava/lang/String;Landroid/view/View;)V,1587,1591,PENDING_REVIEW,,
ORIGINAL_BASELINE.apk,zhiui-final-v2.apk,smali/com/byd/launcher/WallpaperAutoRotateRunnable.smali,public constructor <init>(Lcom/byd/launcher/MainActivity;)V,0,13,PENDING_REVIEW,,
ORIGINAL_BASELINE.apk,zhiui-final-v2.apk,smali/com/byd/launcher/WallpaperAutoRotateRunnable.smali,public final run()V,0,125,PENDING_REVIEW,,
ORIGINAL_BASELINE.apk,zhiui-final-v2.apk,smali/com/byd/launcher/WallpaperAutoRotateRunnable.smali,public static advanceNow(Lcom/byd/launcher/MainActivity;)V,0,23,PENDING_REVIEW,,
ORIGINAL_BASELINE.apk,zhiui-final-v2.apk,smali/com/byd/launcher/WallpaperAutoRotateRunnable.smali,public static schedule(Lcom/byd/launcher/MainActivity;Landroid/view/View;)V,0,68,PENDING_REVIEW,,
ORIGINAL_BASELINE.apk,zhiui-final-v2.apk,smali/com/byd/launcher/WallpaperDirectoryResolver.smali,public static resolve(Landroid/content/Context;)Ljava/lang/String;,0,6,PENDING_REVIEW,,
ORIGINAL_BASELINE.apk,zhiui-final-v2.apk,smali/com/byd/launcher/WallpaperRotationOptionListener.smali,public constructor <init>(Landroid/content/Context;)V,0,16,PENDING_REVIEW,,
ORIGINAL_BASELINE.apk,zhiui-final-v2.apk,smali/com/byd/launcher/WallpaperRotationOptionListener.smali,public constructor <init>(Landroid/content/Context;I)V,0,30,PENDING_REVIEW,,
ORIGINAL_BASELINE.apk,zhiui-final-v2.apk,smali/com/byd/launcher/WallpaperRotationOptionListener.smali,public final onClick(Landroid/content/DialogInterface;I)V,0,44,PENDING_REVIEW,,
ORIGINAL_BASELINE.apk,zhiui-final-v2.apk,smali/com/byd/launcher/WallpaperRotationOptionListener.smali,public final onClick(Landroid/view/View;)V,0,152,PENDING_REVIEW,,
ORIGINAL_BASELINE.apk,zhiui-final-v2.apk,smali/o/cb.smali,public onMapClick(Landroid/view/View;)V,27,27,PENDING_REVIEW,,
ORIGINAL_BASELINE.apk,zhiui-final-v2.apk,smali/o/ia.smali,public final ˏ(Landroid/graphics/Bitmap;Ljava/lang/String;Ljava/lang/String;)V,1191,1191,PENDING_REVIEW,,
ORIGINAL_BASELINE.apk,zhiui-final-v2.apk,smali/o/tk.smali,public final run()V,44,44,PENDING_REVIEW,,
ORIGINAL_BASELINE.apk,zhiui-final-v2.apk,smali/o/uk.smali,public final onClick(Landroid/view/View;)V,38,38,PENDING_REVIEW,,
ORIGINAL_BASELINE.apk,zhiui-final-v2.apk,smali/o/vl.smali,public final Χ()V,7733,7775,PENDING_REVIEW,,
ORIGINAL_BASELINE.apk,zhiui-final-v2.apk,smali/o/vl.smali,public static constructor <clinit>()V,117,119,PENDING_REVIEW,,
ORIGINAL_BASELINE.apk,zhiui-final-v2.apk,smali/o/y7.smali,public final run()V,1185,1185,PENDING_REVIEW,,
ORIGINAL_BASELINE.apk,zhiui-final-v2.apk,smali/o/zk.smali,public final onCheckedChanged(Landroid/widget/CompoundButton;Z)V,38,38,PENDING_REVIEW,,
zhiui-final-v2.apk,zhiui-final-v3.11-lyrics-click-music-app-r1.apk,smali/com/byd/launcher/AirControlPanel.smali,public static show(Lcom/byd/launcher/NavBarService;)V,21,25,PENDING_REVIEW,,
zhiui-final-v2.apk,zhiui-final-v3.11-lyrics-click-music-app-r1.apk,smali/com/byd/launcher/AirControlPanelClickListener.smali,public final onClick(Landroid/view/View;)V,29,29,PENDING_REVIEW,,
zhiui-final-v2.apk,zhiui-final-v3.11-lyrics-click-music-app-r1.apk,smali/com/byd/launcher/LyricsCardMusicClickListener.smali,public constructor <init>(Landroid/content/Context;)V,0,14,PENDING_REVIEW,,
zhiui-final-v2.apk,zhiui-final-v3.11-lyrics-click-music-app-r1.apk,smali/com/byd/launcher/LyricsCardMusicClickListener.smali,public onClick(Landroid/view/View;)V,0,26,PENDING_REVIEW,,
zhiui-final-v2.apk,zhiui-final-v3.11-lyrics-click-music-app-r1.apk,smali/com/byd/launcher/MainActivity.smali,public final onCreate(Landroid/os/Bundle;)V,1977,1977,PENDING_REVIEW,,
zhiui-final-v2.apk,zhiui-final-v3.11-lyrics-click-music-app-r1.apk,smali/com/byd/launcher/NavBarService.smali,public final attachStatusBarToMainActivity()V,4043,4045,PENDING_REVIEW,,
zhiui-final-v2.apk,zhiui-final-v3.11-lyrics-click-music-app-r1.apk,smali/com/byd/launcher/NavBarService.smali,public final ι(Landroid/view/View;Ljava/lang/String;)V,17733,17824,PENDING_REVIEW,,
zhiui-final-v2.apk,zhiui-final-v3.11-lyrics-click-music-app-r1.apk,smali/com/byd/launcher/NavBarService.smali,public final Ϡ(I)V,27706,27820,PENDING_REVIEW,,
zhiui-final-v2.apk,zhiui-final-v3.11-lyrics-click-music-app-r1.apk,smali/com/byd/launcher/NavBarService.smali,public final Ϫ()V,30549,30670,PENDING_REVIEW,,
zhiui-final-v2.apk,zhiui-final-v3.11-lyrics-click-music-app-r1.apk,smali/com/byd/launcher/NavBarService.smali,public onAccessibilityEvent(Landroid/view/accessibility/AccessibilityEvent;)V,4290,4340,PENDING_REVIEW,,
zhiui-final-v2.apk,zhiui-final-v3.11-lyrics-click-music-app-r1.apk,smali/com/byd/launcher/NeteaseLyricsBridge$1.smali,constructor <init>()V,0,21,PENDING_REVIEW,,
zhiui-final-v2.apk,zhiui-final-v3.11-lyrics-click-music-app-r1.apk,smali/com/byd/launcher/NeteaseLyricsBridge$1.smali,public run()V,0,32,PENDING_REVIEW,,
zhiui-final-v2.apk,zhiui-final-v3.11-lyrics-click-music-app-r1.apk,smali/com/byd/launcher/NeteaseLyricsBridge$2.smali,constructor <init>()V,0,30,PENDING_REVIEW,,
zhiui-final-v2.apk,zhiui-final-v3.11-lyrics-click-music-app-r1.apk,smali/com/byd/launcher/NeteaseLyricsBridge$2.smali,public bridge synthetic compare(Ljava/lang/Object;Ljava/lang/Object;)I,0,77,PENDING_REVIEW,,
zhiui-final-v2.apk,zhiui-final-v3.11-lyrics-click-music-app-r1.apk,smali/com/byd/launcher/NeteaseLyricsBridge$2.smali,public compare(Lcom/byd/launcher/NeteaseLyricsBridge$LyricLine;Lcom/byd/launcher/NeteaseLyricsBridge$LyricLine;)I,0,41,PENDING_REVIEW,,
zhiui-final-v2.apk,zhiui-final-v3.11-lyrics-click-music-app-r1.apk,smali/com/byd/launcher/NeteaseLyricsBridge$3.smali,constructor <init>(Ljava/lang/String;)V,0,25,PENDING_REVIEW,,
zhiui-final-v2.apk,zhiui-final-v3.11-lyrics-click-music-app-r1.apk,smali/com/byd/launcher/NeteaseLyricsBridge$3.smali,public run()V,0,43,PENDING_REVIEW,,
zhiui-final-v2.apk,zhiui-final-v3.11-lyrics-click-music-app-r1.apk,smali/com/byd/launcher/NeteaseLyricsBridge$FetchTask.smali,constructor <init>(Landroid/content/Context;Ljava/lang/String;Ljava/lang/String;Ljava/lang/String;)V,0,31,PENDING_REVIEW,,
zhiui-final-v2.apk,zhiui-final-v3.11-lyrics-click-music-app-r1.apk,smali/com/byd/launcher/NeteaseLyricsBridge$FetchTask.smali,public run()V,0,55,PENDING_REVIEW,,
zhiui-final-v2.apk,zhiui-final-v3.11-lyrics-click-music-app-r1.apk,smali/com/byd/launcher/NeteaseLyricsBridge$LyricLine.smali,constructor <init>(JLjava/lang/String;)V,0,24,PENDING_REVIEW,,
zhiui-final-v2.apk,zhiui-final-v3.11-lyrics-click-music-app-r1.apk,smali/com/byd/launcher/NeteaseLyricsBridge.smali,private constructor <init>()V,0,114,PENDING_REVIEW,,
zhiui-final-v2.apk,zhiui-final-v3.11-lyrics-click-music-app-r1.apk,smali/com/byd/launcher/NeteaseLyricsBridge.smali,private static currentActivity()Landroid/app/Activity;,0,258,PENDING_REVIEW,,
zhiui-final-v2.apk,zhiui-final-v3.11-lyrics-click-music-app-r1.apk,smali/com/byd/launcher/NeteaseLyricsBridge.smali,private static isSameTrack(Ljava/lang/String;Ljava/lang/String;Ljava/lang/String;Ljava/lang/String;)Z,0,311,PENDING_REVIEW,,
zhiui-final-v2.apk,zhiui-final-v3.11-lyrics-click-music-app-r1.apk,smali/com/byd/launcher/NeteaseLyricsBridge.smali,private static normalise(Ljava/lang/String;)Ljava/lang/String;,0,423,PENDING_REVIEW,,
zhiui-final-v2.apk,zhiui-final-v3.11-lyrics-click-music-app-r1.apk,smali/com/byd/launcher/NeteaseLyricsBridge.smali,private static parseLrc(Ljava/lang/String;)Ljava/util/List;,0,821,PENDING_REVIEW,,
zhiui-final-v2.apk,zhiui-final-v3.11-lyrics-click-music-app-r1.apk,smali/com/byd/launcher/NeteaseLyricsBridge.smali,private static readAll(Ljava/io/InputStream;)Ljava/lang/String;,0,1056,PENDING_REVIEW,,
zhiui-final-v2.apk,zhiui-final-v3.11-lyrics-click-music-app-r1.apk,smali/com/byd/launcher/NeteaseLyricsBridge.smali,private static renderCurrentLine()V,0,1105,PENDING_REVIEW,,
zhiui-final-v2.apk,zhiui-final-v3.11-lyrics-click-music-app-r1.apk,smali/com/byd/launcher/NeteaseLyricsBridge.smali,private static selectSyncedLyrics(Ljava/lang/String;Ljava/lang/String;Ljava/lang/String;)Ljava/lang/String;,0,1304,PENDING_REVIEW,,
zhiui-final-v2.apk,zhiui-final-v3.11-lyrics-click-music-app-r1.apk,smali/com/byd/launcher/NeteaseLyricsBridge.smali,private static setCardText(Ljava/lang/String;)V,0,1392,PENDING_REVIEW,,
zhiui-final-v2.apk,zhiui-final-v3.11-lyrics-click-music-app-r1.apk,smali/com/byd/launcher/NeteaseLyricsBridge.smali,public static onMetadataChanged(Landroid/content/Context;Ljava/lang/String;Landroid/media/MediaMetadata;)V,0,450,PENDING_REVIEW,,
zhiui-final-v2.apk,zhiui-final-v3.11-lyrics-click-music-app-r1.apk,smali/com/byd/launcher/NeteaseLyricsBridge.smali,public static onPlaybackStateChanged(Landroid/content/Context;Landroid/media/session/PlaybackState;)V,0,457,PENDING_REVIEW,,
zhiui-final-v2.apk,zhiui-final-v3.11-lyrics-click-music-app-r1.apk,smali/com/byd/launcher/NeteaseLyricsBridge.smali,public static onSessionEvent(Landroid/content/Context;Ljava/lang/String;Ljava/lang/String;Landroid/os/Bundle;)V,0,569,PENDING_REVIEW,,
zhiui-final-v2.apk,zhiui-final-v3.11-lyrics-click-music-app-r1.apk,smali/com/byd/launcher/NeteaseLyricsBridge.smali,public static onTrackChanged(Landroid/content/Context;Ljava/lang/String;Ljava/lang/String;)V,0,576,PENDING_REVIEW,,
zhiui-final-v2.apk,zhiui-final-v3.11-lyrics-click-music-app-r1.apk,smali/com/byd/launcher/NeteaseLyricsBridge.smali,static constructor <clinit>()V,0,54,PENDING_REVIEW,,
zhiui-final-v2.apk,zhiui-final-v3.11-lyrics-click-music-app-r1.apk,smali/com/byd/launcher/NeteaseLyricsBridge.smali,static synthetic access$000()V,0,123,PENDING_REVIEW,,
zhiui-final-v2.apk,zhiui-final-v3.11-lyrics-click-music-app-r1.apk,smali/com/byd/launcher/NeteaseLyricsBridge.smali,static synthetic access$100()Ljava/lang/Object;,0,132,PENDING_REVIEW,,
zhiui-final-v2.apk,zhiui-final-v3.11-lyrics-click-music-app-r1.apk,smali/com/byd/launcher/NeteaseLyricsBridge.smali,static synthetic access$1000()Ljava/lang/Runnable;,0,141,PENDING_REVIEW,,
zhiui-final-v2.apk,zhiui-final-v3.11-lyrics-click-music-app-r1.apk,smali/com/byd/launcher/NeteaseLyricsBridge.smali,static synthetic access$1100()Landroid/app/Activity;,0,150,PENDING_REVIEW,,
zhiui-final-v2.apk,zhiui-final-v3.11-lyrics-click-music-app-r1.apk,smali/com/byd/launcher/NeteaseLyricsBridge.smali,static synthetic access$200()Z,0,161,PENDING_REVIEW,,
zhiui-final-v2.apk,zhiui-final-v3.11-lyrics-click-music-app-r1.apk,smali/com/byd/launcher/NeteaseLyricsBridge.smali,static synthetic access$300()Ljava/util/List;,0,170,PENDING_REVIEW,,
zhiui-final-v2.apk,zhiui-final-v3.11-lyrics-click-music-app-r1.apk,smali/com/byd/launcher/NeteaseLyricsBridge.smali,static synthetic access$302(Ljava/util/List;)Ljava/util/List;,0,179,PENDING_REVIEW,,
zhiui-final-v2.apk,zhiui-final-v3.11-lyrics-click-music-app-r1.apk,smali/com/byd/launcher/NeteaseLyricsBridge.smali,static synthetic access$400()Landroid/os/Handler;,0,188,PENDING_REVIEW,,
zhiui-final-v2.apk,zhiui-final-v3.11-lyrics-click-music-app-r1.apk,smali/com/byd/launcher/NeteaseLyricsBridge.smali,static synthetic access$500(Ljava/io/InputStream;)Ljava/lang/String;,0,197,PENDING_REVIEW,,
zhiui-final-v2.apk,zhiui-final-v3.11-lyrics-click-music-app-r1.apk,smali/com/byd/launcher/NeteaseLyricsBridge.smali,static synthetic access$600(Ljava/lang/String;Ljava/lang/String;Ljava/lang/String;)Ljava/lang/String;,0,213,PENDING_REVIEW,,
zhiui-final-v2.apk,zhiui-final-v3.11-lyrics-click-music-app-r1.apk,smali/com/byd/launcher/NeteaseLyricsBridge.smali,static synthetic access$700(Ljava/lang/String;)Ljava/util/List;,0,229,PENDING_REVIEW,,
zhiui-final-v2.apk,zhiui-final-v3.11-lyrics-click-music-app-r1.apk,smali/com/byd/launcher/NeteaseLyricsBridge.smali,static synthetic access$800()Ljava/lang/String;,0,240,PENDING_REVIEW,,
zhiui-final-v2.apk,zhiui-final-v3.11-lyrics-click-music-app-r1.apk,smali/com/byd/launcher/NeteaseLyricsBridge.smali,static synthetic access$900(Ljava/lang/String;)V,0,249,PENDING_REVIEW,,
zhiui-final-v2.apk,zhiui-final-v3.11-lyrics-click-music-app-r1.apk,smali/o/ia.smali,public final ˏ(Landroid/graphics/Bitmap;Ljava/lang/String;Ljava/lang/String;)V,1191,1191,PENDING_REVIEW,,
zhiui-final-v2.apk,zhiui-final-v3.11-lyrics-click-music-app-r1.apk,smali/o/vl.smali,public final Χ()V,7775,7775,PENDING_REVIEW,,
zhiui-final-v2.apk,zhiui-final-v3.11-lyrics-click-music-app-r1.apk,smali/o/y8.smali,public final onMetadataChanged(Landroid/media/MediaMetadata;)V,36,36,PENDING_REVIEW,,
zhiui-final-v2.apk,zhiui-final-v3.11-lyrics-click-music-app-r1.apk,smali/o/y8.smali,public final onPlaybackStateChanged(Landroid/media/session/PlaybackState;)V,64,76,PENDING_REVIEW,,
zhiui-final-v2.apk,zhiui-final-v3.11-lyrics-click-music-app-r1.apk,smali/o/y8.smali,public final onSessionEvent(Ljava/lang/String;Landroid/os/Bundle;)V,0,210,PENDING_REVIEW,,
zhiui-final-v2.apk,zhiui-final-v3.11-lyrics-click-music-app-r1.apk,smali/o/zk.smali,public final onCheckedChanged(Landroid/widget/CompoundButton;Z)V,38,38,PENDING_REVIEW,,
zhiui-final-v2.apk,zhiui-final-v3-statusbar-fix.apk,smali/com/byd/launcher/NavBarService.smali,public final Ϡ(I)V,27706,27731,PENDING_REVIEW,,
zhiui-final-v2.apk,zhiui-final-v3-statusbar-fix.apk,smali/com/byd/launcher/NavBarService.smali,public onAccessibilityEvent(Landroid/view/accessibility/AccessibilityEvent;)V,4290,4290,PENDING_REVIEW,,
zhiui-final-v3-statusbar-fix.apk,zhiui-final-v3.1-wallpaper-statusbar-fix.apk,smali/com/byd/launcher/NavBarService.smali,public onAccessibilityEvent(Landroid/view/accessibility/AccessibilityEvent;)V,4290,4290,PENDING_REVIEW,,
zhiui-final-v3.1-wallpaper-statusbar-fix.apk,zhiui-final-v3.2-wallpaper-statusbar-fix.apk,smali/com/byd/launcher/NavBarService.smali,public final attachStatusBarToMainActivity()V,4043,4043,PENDING_REVIEW,,
zhiui-final-v3.2-wallpaper-statusbar-fix.apk,zhiui-final-v3.3-wallpaper-statusbar-stability-fix.apk,smali/com/byd/launcher/NavBarService.smali,public final Ϡ(I)V,27785,27797,PENDING_REVIEW,,
zhiui-final-v3.2-wallpaper-statusbar-fix.apk,zhiui-final-v3.3-wallpaper-statusbar-stability-fix.apk,smali/com/byd/launcher/NavBarService.smali,public onAccessibilityEvent(Landroid/view/accessibility/AccessibilityEvent;)V,4338,4340,PENDING_REVIEW,,
zhiui-final-v3.3-wallpaper-statusbar-stability-fix.apk,zhiui-final-v3.4-netease-lyrics-auth-prep.apk,smali/com/byd/launcher/NeteaseLyricsBridge.smali,public static onTrackChanged(Landroid/content/Context;Ljava/lang/String;Ljava/lang/String;)V,0,7,PENDING_REVIEW,,
zhiui-final-v3.3-wallpaper-statusbar-stability-fix.apk,zhiui-final-v3.4-netease-lyrics-auth-prep.apk,smali/o/ia.smali,public final ˏ(Landroid/graphics/Bitmap;Ljava/lang/String;Ljava/lang/String;)V,1191,1191,PENDING_REVIEW,,
zhiui-final-v3.4-netease-lyrics-auth-prep.apk,zhiui-final-v3.5-netease-car-mediasession-lyrics.apk,smali/com/byd/launcher/NeteaseLyricsBridge.smali,public static onMetadataChanged(Landroid/content/Context;Ljava/lang/String;Landroid/media/MediaMetadata;)V,0,7,PENDING_REVIEW,,
zhiui-final-v3.4-netease-lyrics-auth-prep.apk,zhiui-final-v3.5-netease-car-mediasession-lyrics.apk,smali/com/byd/launcher/NeteaseLyricsBridge.smali,public static onTrackChanged(Landroid/content/Context;Ljava/lang/String;Ljava/lang/String;)V,7,60,PENDING_REVIEW,,
zhiui-final-v3.4-netease-lyrics-auth-prep.apk,zhiui-final-v3.5-netease-car-mediasession-lyrics.apk,smali/o/y8.smali,public final onMetadataChanged(Landroid/media/MediaMetadata;)V,36,36,PENDING_REVIEW,,
zhiui-final-v3.5-netease-car-mediasession-lyrics.apk,zhiui-final-v3.5.1-netease-car-mediasession-lyrics.apk,smali/com/byd/launcher/NeteaseLyricsBridge.smali,public static onSessionEvent(Landroid/content/Context;Ljava/lang/String;Ljava/lang/String;Landroid/os/Bundle;)V,0,60,PENDING_REVIEW,,
zhiui-final-v3.5-netease-car-mediasession-lyrics.apk,zhiui-final-v3.5.1-netease-car-mediasession-lyrics.apk,smali/o/y8.smali,public final onSessionEvent(Ljava/lang/String;Landroid/os/Bundle;)V,0,201,PENDING_REVIEW,,
zhiui-final-v3.5.1-netease-car-mediasession-lyrics.apk,zhiui-final-v3.5.2-netease-car-mediasession-lyrics.apk,smali/com/byd/launcher/NeteaseLyricsBridge.smali,public static onTrackChanged(Landroid/content/Context;Ljava/lang/String;Ljava/lang/String;)V,121,121,PENDING_REVIEW,,
zhiui-final-v3.5.2-netease-car-mediasession-lyrics.apk,zhiui-final-v3.5.3-statusbar-flicker-fix.apk,smali/com/byd/launcher/NavBarService.smali,public final Ϫ()V,30647,30647,PENDING_REVIEW,,
zhiui-final-v3.5.3-statusbar-flicker-fix.apk,zhiui-final-v3.6-lrclib-lyrics.apk,smali/com/byd/launcher/NeteaseLyricsBridge$1.smali,constructor <init>()V,0,21,PENDING_REVIEW,,
zhiui-final-v3.5.3-statusbar-flicker-fix.apk,zhiui-final-v3.6-lrclib-lyrics.apk,smali/com/byd/launcher/NeteaseLyricsBridge$1.smali,public run()V,0,32,PENDING_REVIEW,,
zhiui-final-v3.5.3-statusbar-flicker-fix.apk,zhiui-final-v3.6-lrclib-lyrics.apk,smali/com/byd/launcher/NeteaseLyricsBridge$2.smali,constructor <init>()V,0,30,PENDING_REVIEW,,
zhiui-final-v3.5.3-statusbar-flicker-fix.apk,zhiui-final-v3.6-lrclib-lyrics.apk,smali/com/byd/launcher/NeteaseLyricsBridge$2.smali,public bridge synthetic compare(Ljava/lang/Object;Ljava/lang/Object;)I,0,77,PENDING_REVIEW,,
zhiui-final-v3.5.3-statusbar-flicker-fix.apk,zhiui-final-v3.6-lrclib-lyrics.apk,smali/com/byd/launcher/NeteaseLyricsBridge$2.smali,public compare(Lcom/byd/launcher/NeteaseLyricsBridge$LyricLine;Lcom/byd/launcher/NeteaseLyricsBridge$LyricLine;)I,0,41,PENDING_REVIEW,,
zhiui-final-v3.5.3-statusbar-flicker-fix.apk,zhiui-final-v3.6-lrclib-lyrics.apk,smali/com/byd/launcher/NeteaseLyricsBridge$3.smali,constructor <init>(Ljava/lang/String;)V,0,25,PENDING_REVIEW,,
zhiui-final-v3.5.3-statusbar-flicker-fix.apk,zhiui-final-v3.6-lrclib-lyrics.apk,smali/com/byd/launcher/NeteaseLyricsBridge$3.smali,public run()V,0,43,PENDING_REVIEW,,
zhiui-final-v3.5.3-statusbar-flicker-fix.apk,zhiui-final-v3.6-lrclib-lyrics.apk,smali/com/byd/launcher/NeteaseLyricsBridge$FetchTask.smali,constructor <init>(Landroid/content/Context;Ljava/lang/String;Ljava/lang/String;Ljava/lang/String;)V,0,31,PENDING_REVIEW,,
zhiui-final-v3.5.3-statusbar-flicker-fix.apk,zhiui-final-v3.6-lrclib-lyrics.apk,smali/com/byd/launcher/NeteaseLyricsBridge$FetchTask.smali,public run()V,0,55,PENDING_REVIEW,,
zhiui-final-v3.5.3-statusbar-flicker-fix.apk,zhiui-final-v3.6-lrclib-lyrics.apk,smali/com/byd/launcher/NeteaseLyricsBridge$LyricLine.smali,constructor <init>(JLjava/lang/String;)V,0,24,PENDING_REVIEW,,
zhiui-final-v3.5.3-statusbar-flicker-fix.apk,zhiui-final-v3.6-lrclib-lyrics.apk,smali/com/byd/launcher/NeteaseLyricsBridge.smali,private constructor <init>()V,0,114,PENDING_REVIEW,,
zhiui-final-v3.5.3-statusbar-flicker-fix.apk,zhiui-final-v3.6-lrclib-lyrics.apk,smali/com/byd/launcher/NeteaseLyricsBridge.smali,private static currentActivity()Landroid/app/Activity;,0,258,PENDING_REVIEW,,
zhiui-final-v3.5.3-statusbar-flicker-fix.apk,zhiui-final-v3.6-lrclib-lyrics.apk,smali/com/byd/launcher/NeteaseLyricsBridge.smali,private static isSameTrack(Ljava/lang/String;Ljava/lang/String;Ljava/lang/String;Ljava/lang/String;)Z,0,311,PENDING_REVIEW,,
zhiui-final-v3.5.3-statusbar-flicker-fix.apk,zhiui-final-v3.6-lrclib-lyrics.apk,smali/com/byd/launcher/NeteaseLyricsBridge.smali,private static normalise(Ljava/lang/String;)Ljava/lang/String;,0,423,PENDING_REVIEW,,
zhiui-final-v3.5.3-statusbar-flicker-fix.apk,zhiui-final-v3.6-lrclib-lyrics.apk,smali/com/byd/launcher/NeteaseLyricsBridge.smali,private static parseLrc(Ljava/lang/String;)Ljava/util/List;,0,821,PENDING_REVIEW,,
zhiui-final-v3.5.3-statusbar-flicker-fix.apk,zhiui-final-v3.6-lrclib-lyrics.apk,smali/com/byd/launcher/NeteaseLyricsBridge.smali,private static readAll(Ljava/io/InputStream;)Ljava/lang/String;,0,1056,PENDING_REVIEW,,
zhiui-final-v3.5.3-statusbar-flicker-fix.apk,zhiui-final-v3.6-lrclib-lyrics.apk,smali/com/byd/launcher/NeteaseLyricsBridge.smali,private static renderCurrentLine()V,0,1105,PENDING_REVIEW,,
zhiui-final-v3.5.3-statusbar-flicker-fix.apk,zhiui-final-v3.6-lrclib-lyrics.apk,smali/com/byd/launcher/NeteaseLyricsBridge.smali,private static selectSyncedLyrics(Ljava/lang/String;Ljava/lang/String;Ljava/lang/String;)Ljava/lang/String;,0,1304,PENDING_REVIEW,,
zhiui-final-v3.5.3-statusbar-flicker-fix.apk,zhiui-final-v3.6-lrclib-lyrics.apk,smali/com/byd/launcher/NeteaseLyricsBridge.smali,private static setCardText(Ljava/lang/String;)V,0,1392,PENDING_REVIEW,,
zhiui-final-v3.5.3-statusbar-flicker-fix.apk,zhiui-final-v3.6-lrclib-lyrics.apk,smali/com/byd/launcher/NeteaseLyricsBridge.smali,public static onMetadataChanged(Landroid/content/Context;Ljava/lang/String;Landroid/media/MediaMetadata;)V,7,450,PENDING_REVIEW,,
zhiui-final-v3.5.3-statusbar-flicker-fix.apk,zhiui-final-v3.6-lrclib-lyrics.apk,smali/com/byd/launcher/NeteaseLyricsBridge.smali,public static onPlaybackStateChanged(Landroid/content/Context;Landroid/media/session/PlaybackState;)V,0,457,PENDING_REVIEW,,
zhiui-final-v3.5.3-statusbar-flicker-fix.apk,zhiui-final-v3.6-lrclib-lyrics.apk,smali/com/byd/launcher/NeteaseLyricsBridge.smali,public static onSessionEvent(Landroid/content/Context;Ljava/lang/String;Ljava/lang/String;Landroid/os/Bundle;)V,60,569,PENDING_REVIEW,,
zhiui-final-v3.5.3-statusbar-flicker-fix.apk,zhiui-final-v3.6-lrclib-lyrics.apk,smali/com/byd/launcher/NeteaseLyricsBridge.smali,public static onTrackChanged(Landroid/content/Context;Ljava/lang/String;Ljava/lang/String;)V,121,576,PENDING_REVIEW,,
zhiui-final-v3.5.3-statusbar-flicker-fix.apk,zhiui-final-v3.6-lrclib-lyrics.apk,smali/com/byd/launcher/NeteaseLyricsBridge.smali,static constructor <clinit>()V,0,54,PENDING_REVIEW,,
zhiui-final-v3.5.3-statusbar-flicker-fix.apk,zhiui-final-v3.6-lrclib-lyrics.apk,smali/com/byd/launcher/NeteaseLyricsBridge.smali,static synthetic access$000()V,0,123,PENDING_REVIEW,,
zhiui-final-v3.5.3-statusbar-flicker-fix.apk,zhiui-final-v3.6-lrclib-lyrics.apk,smali/com/byd/launcher/NeteaseLyricsBridge.smali,static synthetic access$100()Ljava/lang/Object;,0,132,PENDING_REVIEW,,
zhiui-final-v3.5.3-statusbar-flicker-fix.apk,zhiui-final-v3.6-lrclib-lyrics.apk,smali/com/byd/launcher/NeteaseLyricsBridge.smali,static synthetic access$1000()Ljava/lang/Runnable;,0,141,PENDING_REVIEW,,
zhiui-final-v3.5.3-statusbar-flicker-fix.apk,zhiui-final-v3.6-lrclib-lyrics.apk,smali/com/byd/launcher/NeteaseLyricsBridge.smali,static synthetic access$1100()Landroid/app/Activity;,0,150,PENDING_REVIEW,,
zhiui-final-v3.5.3-statusbar-flicker-fix.apk,zhiui-final-v3.6-lrclib-lyrics.apk,smali/com/byd/launcher/NeteaseLyricsBridge.smali,static synthetic access$200()Z,0,161,PENDING_REVIEW,,
zhiui-final-v3.5.3-statusbar-flicker-fix.apk,zhiui-final-v3.6-lrclib-lyrics.apk,smali/com/byd/launcher/NeteaseLyricsBridge.smali,static synthetic access$300()Ljava/util/List;,0,170,PENDING_REVIEW,,
zhiui-final-v3.5.3-statusbar-flicker-fix.apk,zhiui-final-v3.6-lrclib-lyrics.apk,smali/com/byd/launcher/NeteaseLyricsBridge.smali,static synthetic access$302(Ljava/util/List;)Ljava/util/List;,0,179,PENDING_REVIEW,,
zhiui-final-v3.5.3-statusbar-flicker-fix.apk,zhiui-final-v3.6-lrclib-lyrics.apk,smali/com/byd/launcher/NeteaseLyricsBridge.smali,static synthetic access$400()Landroid/os/Handler;,0,188,PENDING_REVIEW,,
zhiui-final-v3.5.3-statusbar-flicker-fix.apk,zhiui-final-v3.6-lrclib-lyrics.apk,smali/com/byd/launcher/NeteaseLyricsBridge.smali,static synthetic access$500(Ljava/io/InputStream;)Ljava/lang/String;,0,197,PENDING_REVIEW,,
zhiui-final-v3.5.3-statusbar-flicker-fix.apk,zhiui-final-v3.6-lrclib-lyrics.apk,smali/com/byd/launcher/NeteaseLyricsBridge.smali,static synthetic access$600(Ljava/lang/String;Ljava/lang/String;Ljava/lang/String;)Ljava/lang/String;,0,213,PENDING_REVIEW,,
zhiui-final-v3.5.3-statusbar-flicker-fix.apk,zhiui-final-v3.6-lrclib-lyrics.apk,smali/com/byd/launcher/NeteaseLyricsBridge.smali,static synthetic access$700(Ljava/lang/String;)Ljava/util/List;,0,229,PENDING_REVIEW,,
zhiui-final-v3.5.3-statusbar-flicker-fix.apk,zhiui-final-v3.6-lrclib-lyrics.apk,smali/com/byd/launcher/NeteaseLyricsBridge.smali,static synthetic access$800()Ljava/lang/String;,0,240,PENDING_REVIEW,,
zhiui-final-v3.5.3-statusbar-flicker-fix.apk,zhiui-final-v3.6-lrclib-lyrics.apk,smali/com/byd/launcher/NeteaseLyricsBridge.smali,static synthetic access$900(Ljava/lang/String;)V,0,249,PENDING_REVIEW,,
zhiui-final-v3.5.3-statusbar-flicker-fix.apk,zhiui-final-v3.6-lrclib-lyrics.apk,smali/o/y8.smali,public final onPlaybackStateChanged(Landroid/media/session/PlaybackState;)V,76,76,PENDING_REVIEW,,
zhiui-final-v3.6-lrclib-lyrics.apk,zhiui-final-v3.7-dd-aircon-popup.apk,smali/com/byd/launcher/AirControlPanel.smali,public static show(Lcom/byd/launcher/NavBarService;)V,21,25,PENDING_REVIEW,,
zhiui-final-v3.6-lrclib-lyrics.apk,zhiui-final-v3.7-dd-aircon-popup.apk,smali/com/byd/launcher/AirControlPanelClickListener.smali,public final onClick(Landroid/view/View;)V,29,29,PENDING_REVIEW,,
zhiui-final-v3.7-dd-aircon-popup-r1.apk,zhiui-final-v3.8-global-system-bars-toggle-r1.apk,smali/o/vl.smali,public final Χ()V,7775,7775,PENDING_REVIEW,,
zhiui-final-v3.7-dd-aircon-popup-r1.apk,zhiui-final-v3.8-global-system-bars-toggle-r1.apk,smali/o/zk.smali,public final onCheckedChanged(Landroid/widget/CompoundButton;Z)V,38,38,PENDING_REVIEW,,
zhiui-final-v3.8-global-system-bars-toggle-r1.apk,zhiui-final-v3.9-home-return-fix-r1.apk,smali/com/byd/launcher/NavBarService.smali,public final ι(Landroid/view/View;Ljava/lang/String;)V,17824,17824,PENDING_REVIEW,,
zhiui-final-v3.10-lyrics-expanded-no-clock-r1.apk,zhiui-final-v3.11-lyrics-click-music-app-r1.apk,smali/com/byd/launcher/LyricsCardMusicClickListener.smali,public constructor <init>(Landroid/content/Context;)V,0,14,PENDING_REVIEW,,
zhiui-final-v3.10-lyrics-expanded-no-clock-r1.apk,zhiui-final-v3.11-lyrics-click-music-app-r1.apk,smali/com/byd/launcher/LyricsCardMusicClickListener.smali,public onClick(Landroid/view/View;)V,0,26,PENDING_REVIEW,,
zhiui-final-v3.10-lyrics-expanded-no-clock-r1.apk,zhiui-final-v3.11-lyrics-click-music-app-r1.apk,smali/com/byd/launcher/MainActivity.smali,public final onCreate(Landroid/os/Bundle;)V,1977,1977,PENDING_REVIEW,,
