apk,sha256,unchanged
ORIGINAL_BASELINE.apk,93042E48C12ED395E8F5D450BE1285E0397897F685EE95AC4080763B6E6DCCD9,True
original.apk,93042E48C12ED395E8F5D450BE1285E0397897F685EE95AC4080763B6E6DCCD9,True
智UI_V0.4.2.apk,93042E48C12ED395E8F5D450BE1285E0397897F685EE95AC4080763B6E6DCCD9,True
Launcher_Rebuild_Test.apk,FF06F8215156DC6CDA888C699B42FD5706A7E5E44E97227A0340A4EEA24DAAE9,True
zhiui-final-v2.apk,ADA7BD1DA144470F8C05BD24F0A7D8A27D00C435C0146D517F455D9F112FF1DC,True
zhiui-final-v3-statusbar-fix.apk,3FD7013F6A5D451D109B9730DAA89965B14692607347247EF89A6530FE7CEC66,True
zhiui-final-v3.1-wallpaper-statusbar-fix.apk,C57380C53055CAB9CD21ACFF56F97781CE740941025B1C34D22D41188242BC66,True
zhiui-final-v3.10-lyrics-expanded-no-clock-r1.apk,D8B1804CFDFC7DB1F23C2AA6A77EA855FBD478D4C62DD6F2910CD6029C99987F,True
zhiui-final-v3.11-lyrics-click-music-app-r1.apk,216432903EDFD70E9F774C6EF9B1379BD3ABC9D80C52E8B7D79386EDE3698710,True
zhiui-final-v3.2-wallpaper-statusbar-fix.apk,837F67EF80AD09563E4C2C690872BB304F2A775996716B72FEBC229AB91EB313,True
zhiui-final-v3.3-wallpaper-statusbar-stability-fix.apk,852231B14B7488D9F7A2D69E88DC7579A2590280DB5528E5D074AC5596F2FDBE,True
zhiui-final-v3.4-netease-lyrics-auth-prep.apk,EE6CF1F7F5EDCC28F0BED4EA32E1CE1E5F0DAE1B1A590250F32FDFD76FDA24CF,True
zhiui-final-v3.5-netease-car-mediasession-lyrics.apk,A39B1E53D54E9E68DCB0339E7F60B2E9BC376FDD78A7FA9EB9FFE60247312602,True
zhiui-final-v3.5.1-netease-car-mediasession-lyrics.apk,88C42AA6933465213F881BEE9BA9740F55D9C5B6B0B58B8C283C863A8662810C,True
zhiui-final-v3.5.2-netease-car-mediasession-lyrics.apk,AC9B874D8A6A5A49C084302F8E756D26EB9A0CC444277B20ADCA7CDBE6A996B7,True
zhiui-final-v3.5.3-statusbar-flicker-fix.apk,D6A31810B6B42C889EA8E54567C83D92BEA8730B1C9B22EA834A4AFD3E02D829,True
zhiui-final-v3.6-lrclib-lyrics.apk,95CDFF2E875FC7ABB05E5FF1A411CBE0355CB7B93B91E1E040E9B13806A49066,True
zhiui-final-v3.7-dd-aircon-popup-r1.apk,F06143433851D327CA7DE7FE850A8BF9058A3D70F66485F4A37271D79DBFB9A7,True
zhiui-final-v3.7-dd-aircon-popup.apk,F2471C3EA8A74C5BA50A013F1F56C582B23F15F5E03F4FE1B8F60789AFD80DF8,True
zhiui-final-v3.8-global-system-bars-toggle-r1.apk,D80DB56052D3E83112E27EBB684BD4A270AE452BCC873A0D3E64ED441BEB2D14,True
zhiui-final-v3.9-home-return-fix-r1.apk,8E499829FB430B18BEE4752319B0F00F95C8884A6998AEDB84FC7A50966E4C8A,True
zhiui-stability-s1-systembars-r1.apk,3115734924E1D5C5FF5BFA516CB577394B53228060F4CE492969A38A0B4FF790,True
