path,method,line,target,issue,source,version,present_in_original
smali/o/a2.smali,public static final ͱ(Lkotlin/jvm/functions/Function1;Ljava/lang/Object;Lo/b7;)Lo/b7;,702,Lo/b7;-><init>(Ljava/lang/String;Ljava/lang/Throwable;)V,unresolved_signature,D:\apk\launcher_project\apktool\smali\o\b7.smali,original,True
smali/o/a3.smali,public static constructor <clinit>()V,20,Lo/a3;-><init>()V,unresolved_signature,D:\apk\launcher_project\apktool\smali\o\a3.smali,original,True
smali/o/ak.smali,public constructor <init>(Lcom/byd/launcher/MainActivity;Ljava/util/List;)V,108,Lo/uj;-><init>(I)V,unresolved_signature,D:\apk\launcher_project\apktool\smali\o\uj.smali,original,True
smali/o/b3.smali,public static constructor <clinit>()V,24,Lo/b3;-><init>()V,unresolved_signature,D:\apk\launcher_project\apktool\smali\o\b3.smali,original,True
smali/o/bc.smali,public static constructor <clinit>()V,21,Lo/bc;-><init>()V,unresolved_signature,D:\apk\launcher_project\apktool\smali\o\bc.smali,original,True
smali/o/c.smali,public static constructor <clinit>()V,21,Lo/c;-><init>()V,unresolved_signature,D:\apk\launcher_project\apktool\smali\o\c.smali,original,True
smali/o/c0.smali,public static declared-synchronized ͱ()Z,2358,Lo/z;-><init>()V,unresolved_signature,D:\apk\launcher_project\apktool\smali\o\z.smali,original,True
smali/o/c0.smali,public static declared-synchronized ͱ()Z,2867,Lo/b0;-><init>()V,unresolved_signature,D:\apk\launcher_project\apktool\smali\o\b0.smali,original,True
smali/o/c2.smali,public static constructor <clinit>()V,28,Lo/c2;-><init>()V,unresolved_signature,D:\apk\launcher_project\apktool\smali\o\c2.smali,original,True
smali/o/c3.smali,public static constructor <clinit>()V,23,Lo/c3;-><init>()V,unresolved_signature,D:\apk\launcher_project\apktool\smali\o\c3.smali,original,True
smali/o/d3.smali,public static constructor <clinit>()V,20,Lo/d3;-><init>()V,unresolved_signature,D:\apk\launcher_project\apktool\smali\o\d3.smali,original,True
smali/o/e2.smali,public static constructor <clinit>()V,24,Lo/e2;-><init>()V,unresolved_signature,D:\apk\launcher_project\apktool\smali\o\e2.smali,original,True
smali/o/e3.smali,public static constructor <clinit>()V,23,Lo/e3;-><init>()V,unresolved_signature,D:\apk\launcher_project\apktool\smali\o\e3.smali,original,True
smali/o/e6.smali,public static final ʹ(Lo/u3;Lo/ud;ZLo/z0;)Ljava/lang/Object;,325,Lo/v3;-><init>(Lo/z0;)V,unresolved_signature,D:\apk\launcher_project\apktool\smali\o\v3.smali,original,True
smali/o/e6.smali,public static final Ͷ(Lo/k1;Lo/k1;Z)Lo/k1;,1442,Lo/uf;-><init>()V,unresolved_signature,D:\apk\launcher_project\apktool\smali\o\uf.smali,original,True
smali/o/e6.smali,public static ͻ(Lo/l6;ZLo/o6;I)Lo/n2;,1865,Lo/ac;-><init>()V,unresolved_signature,D:\apk\launcher_project\apktool\smali\o\ac.smali,original,True
smali/o/e6.smali,public static ͽ(Lo/s1;Lo/j5;Lo/u4;I)Lo/kh;,2410,Lo/kh;-><init>(Lo/k1;Z)V,unresolved_signature,D:\apk\launcher_project\apktool\smali\o\kh.smali,original,True
smali/o/ee.smali,public final run()V,414,Lo/xe;-><init>(Landroid/content/Context;)V,unresolved_signature,D:\apk\launcher_project\apktool\smali\o\xe.smali,original,True
smali/o/f9.smali,public constructor <init>(Ljava/lang/Object;)V,15,Lo/n7;-><init>()V,unresolved_signature,D:\apk\launcher_project\apktool\smali\o\n7.smali,original,True
smali/o/h.smali,public constructor <init>(Ljava/lang/Throwable;)V,15,Lo/i;-><init>()V,unresolved_signature,D:\apk\launcher_project\apktool\smali\o\i.smali,original,True
smali/o/h2.smali,public final run()V,900,Lo/w7;-><init>()V,unresolved_signature,D:\apk\launcher_project\apktool\smali\o\w7.smali,original,True
smali/o/h7.smali,public constructor <init>(Lo/k1;Lo/u4;)V,17,Lo/kh;-><init>(Lo/k1;Z)V,unresolved_signature,D:\apk\launcher_project\apktool\smali\o\kh.smali,original,True
smali/o/i6.smali,public constructor <init>(Lkotlin/jvm/functions/Function1;)V,38,Lo/n6;-><init>()V,unresolved_signature,D:\apk\launcher_project\apktool\smali\o\n6.smali,original,True
smali/o/i9.smali,public static constructor <clinit>()V,17,Lo/i9;-><init>()V,unresolved_signature,D:\apk\launcher_project\apktool\smali\o\i9.smali,original,True
smali/o/ig.smali,public constructor <init>(IIJ)V,19,Lo/l3;-><init>()V,unresolved_signature,D:\apk\launcher_project\apktool\smali\o\l3.smali,original,True
smali/o/IIl.smali,public static constructor <clinit>()V,20,Lo/IIl;-><init>()V,unresolved_signature,D:\apk\launcher_project\apktool\smali\o\IIl.smali,original,True
smali/o/Ill.smali,public static bridge synthetic ˋ(Landroid/content/res/Configuration;)I,22,Landroid/content/res/Configuration;->fontWeightAdjustment:I,unresolved_signature,android-29,original,True
smali/o/Ill.smali,public static bridge synthetic ͽ(Landroid/view/WindowInsets;)Landroid/view/RoundedCorner;,137,Landroid/view/WindowInsets;->getRoundedCorner(I)Landroid/view/RoundedCorner;,unresolved_signature,android-29,original,True
smali/o/Ill.smali,public static bridge synthetic Ά(Landroid/view/WindowInsets;I)Landroid/view/RoundedCorner;,148,Landroid/view/WindowInsets;->getRoundedCorner(I)Landroid/view/RoundedCorner;,unresolved_signature,android-29,original,True
smali/o/Ill.smali,public static bridge synthetic Έ(Landroid/content/ClipData$Item;)Landroid/view/textclassifier/TextLinks;,159,Landroid/content/ClipData$Item;->getTextLinks()Landroid/view/textclassifier/TextLinks;,unresolved_signature,android-29,original,True
smali/o/Ill.smali,public static bridge synthetic Β(Landroid/view/WindowInsets;)Landroid/view/RoundedCorner;,237,Landroid/view/WindowInsets;->getRoundedCorner(I)Landroid/view/RoundedCorner;,unresolved_signature,android-29,original,True
smali/o/j5.smali,public constructor <init>(Landroid/os/Handler;Ljava/lang/String;Z)V,39,Lo/h8;-><init>()V,unresolved_signature,D:\apk\launcher_project\apktool\smali\o\h8.smali,original,True
smali/o/k0.smali,private final writeReplace()Ljava/lang/Object;,50,Lo/tf;-><init>()V,unresolved_signature,D:\apk\launcher_project\apktool\smali\o\tf.smali,original,True
smali/o/k7.smali,public synthetic constructor <init>(Lkotlin/jvm/functions/Function1;I)V,19,Lo/ͻ;-><init>(Lkotlin/jvm/functions/Function1;)V,unresolved_signature,D:\apk\launcher_project\apktool\smali\o\ͻ.smali,original,True
smali/o/ki.smali,public final run()V,345,Lo/mi;-><init>()V,unresolved_signature,D:\apk\launcher_project\apktool\smali\o\mi.smali,original,True
smali/o/km.smali,public final onCreateViewHolder(Landroid/view/ViewGroup;I)Landroidx/recyclerview/widget/RecyclerView$ViewHolder;,1185,Lo/xl;-><init>(Landroid/view/View;)V,unresolved_signature,D:\apk\launcher_project\apktool\smali\o\xl.smali,original,True
smali/o/km.smali,public final onCreateViewHolder(Landroid/view/ViewGroup;I)Landroidx/recyclerview/widget/RecyclerView$ViewHolder;,1224,Lo/gm;-><init>(Landroid/view/View;)V,unresolved_signature,D:\apk\launcher_project\apktool\smali\o\gm.smali,original,True
smali/o/km.smali,public final onCreateViewHolder(Landroid/view/ViewGroup;I)Landroidx/recyclerview/widget/RecyclerView$ViewHolder;,1302,Lo/bm;-><init>(Landroid/view/View;)V,unresolved_signature,D:\apk\launcher_project\apktool\smali\o\bm.smali,original,True
smali/o/l.smali,public constructor <init>(Lo/O00;)V,15,Lo/n6;-><init>()V,unresolved_signature,D:\apk\launcher_project\apktool\smali\o\n6.smali,original,True
smali/o/l2.smali,public final Ͳ(Ljava/lang/Throwable;Ljava/lang/Throwable;)V,342,Lo/c7;-><init>(Ljava/lang/String;Ljava/lang/Throwable;)V,unresolved_signature,D:\apk\launcher_project\apktool\smali\o\c7.smali,original,True
smali/o/m0.smali,public static constructor <clinit>()V,20,Lo/m0;-><init>()V,unresolved_signature,D:\apk\launcher_project\apktool\smali\o\m0.smali,original,True
smali/o/mf.smali,public static constructor <clinit>()V,22,Lo/mf;-><init>()V,unresolved_signature,D:\apk\launcher_project\apktool\smali\o\mf.smali,original,True
smali/o/n.smali,public constructor <init>(Lo/s6;)V,18,Lo/n6;-><init>()V,unresolved_signature,D:\apk\launcher_project\apktool\smali\o\n6.smali,original,True
smali/o/n3.smali,public constructor <init>()V,15,Lo/ΐ;-><init>()V,unresolved_signature,D:\apk\launcher_project\apktool\smali\o\ΐ.smali,original,True
smali/o/n3.smali,public constructor <init>()V,19,Lo/m3;-><init>()V,unresolved_signature,D:\apk\launcher_project\apktool\smali\o\m3.smali,original,True
smali/o/nd.smali,public final Ή()V,6142,Lo/cd;-><init>()V,unresolved_signature,D:\apk\launcher_project\apktool\smali\o\cd.smali,original,True
smali/o/nh.smali,public constructor <init>(Ljava/lang/Object;)V,22,Lo/Γ;-><init>()V,unresolved_signature,D:\apk\launcher_project\apktool\smali\o\Γ.smali,original,True
smali/o/O00.smali,public final ʹ(Lkotlin/jvm/functions/Function1;Ljava/lang/Throwable;)V,423,Lo/b7;-><init>(Ljava/lang/String;Ljava/lang/Throwable;)V,unresolved_signature,D:\apk\launcher_project\apktool\smali\o\b7.smali,original,True
smali/o/O00.smali,public final Ͷ(Lo/O0O;Ljava/lang/Throwable;)V,802,Lo/b7;-><init>(Ljava/lang/String;Ljava/lang/Throwable;)V,unresolved_signature,D:\apk\launcher_project\apktool\smali\o\b7.smali,original,True
smali/o/O00.smali,public final ͷ(Lkotlin/jvm/functions/Function1;Ljava/lang/Throwable;)V,840,Lo/b7;-><init>(Ljava/lang/String;Ljava/lang/Throwable;)V,unresolved_signature,D:\apk\launcher_project\apktool\smali\o\b7.smali,original,True
smali/o/o6.smali,public final Ό()Lo/s6;,301,Lo/b7;-><init>(Ljava/lang/String;)V,unresolved_signature,D:\apk\launcher_project\apktool\smali\o\b7.smali,original,True
smali/o/of.smali,static constructor <clinit>()V,21,Lo/nf;-><init>()V,unresolved_signature,D:\apk\launcher_project\apktool\smali\o\nf.smali,original,True
smali/o/of.smali,static constructor <clinit>()V,78,Lo/pd;-><init>()V,unresolved_signature,D:\apk\launcher_project\apktool\smali\o\pd.smali,original,True
smali/o/oh.smali,public constructor <init>()V,38,Lo/Δ;-><init>()V,unresolved_signature,D:\apk\launcher_project\apktool\smali\o\Δ.smali,original,True
smali/o/q3.smali,public static ˋ(Ljava/io/File;)V,83,Lo/p3;-><init>()V,unresolved_signature,D:\apk\launcher_project\apktool\smali\o\p3.smali,original,True
smali/o/q7.smali,public toString()Ljava/lang/String;,96,Lo/p7;-><init>(Ljava/lang/Object;)V,unresolved_signature,D:\apk\launcher_project\apktool\smali\o\p7.smali,original,True
smali/o/qm.smali,public static bridge synthetic Ͳ(Landroid/view/WindowInsets;I)Landroid/graphics/Insets;,66,Landroid/view/WindowInsets;->getInsetsIgnoringVisibility(I)Landroid/graphics/Insets;,unresolved_signature,android-29,original,True
smali/o/qm.smali,public static bridge synthetic Ͷ()Landroid/view/WindowInsets;,88,Landroid/view/WindowInsets;->CONSUMED:Landroid/view/WindowInsets;,unresolved_signature,android-29,original,True
smali/o/qm.smali,public static bridge synthetic ͼ(Landroid/view/WindowInsets$Builder;ILandroid/graphics/Insets;)V,128,Landroid/view/WindowInsets$Builder;->setInsetsIgnoringVisibility(ILandroid/graphics/Insets;)Landroid/view/WindowInsets$Builder;,unresolved_signature,android-29,original,True
smali/o/qm.smali,public static bridge synthetic ͽ(Landroid/view/WindowInsets$Builder;IZ)V,137,Landroid/view/WindowInsets$Builder;->setVisible(IZ)Landroid/view/WindowInsets$Builder;,unresolved_signature,android-29,original,True
smali/o/qm.smali,public static bridge synthetic Ί(Landroid/view/WindowInsets;I)Z,173,Landroid/view/WindowInsets;->isVisible(I)Z,unresolved_signature,android-29,original,True
smali/o/qm.smali,public static bridge synthetic ΐ(Landroid/view/WindowInsets;I)Landroid/graphics/Insets;,217,Landroid/view/WindowInsets;->getInsets(I)Landroid/graphics/Insets;,unresolved_signature,android-29,original,True
smali/o/qm.smali,public static bridge synthetic Β(Landroid/view/WindowInsets$Builder;ILandroid/graphics/Insets;)V,239,Landroid/view/WindowInsets$Builder;->setInsets(ILandroid/graphics/Insets;)Landroid/view/WindowInsets$Builder;,unresolved_signature,android-29,original,True
smali/o/r1.smali,public constructor <init>(IIJLjava/lang/String;)V,158,Lo/i5;-><init>()V,unresolved_signature,D:\apk\launcher_project\apktool\smali\o\i5.smali,original,True
smali/o/r1.smali,public constructor <init>(IIJLjava/lang/String;)V,164,Lo/i5;-><init>()V,unresolved_signature,D:\apk\launcher_project\apktool\smali\o\i5.smali,original,True
smali/o/ri.smali,public static constructor <clinit>()V,17,Lo/ri;-><init>()V,unresolved_signature,D:\apk\launcher_project\apktool\smali\o\ri.smali,original,True
smali/o/s6.smali,public final Ά(Lo/s5;Ljava/lang/Object;)V,1332,Lo/b7;-><init>(Ljava/lang/String;Ljava/lang/Throwable;)V,unresolved_signature,D:\apk\launcher_project\apktool\smali\o\b7.smali,original,True
smali/o/s6.smali,public final Ά(Lo/s5;Ljava/lang/Object;)V,1462,Lo/b7;-><init>(Ljava/lang/String;Ljava/lang/Throwable;)V,unresolved_signature,D:\apk\launcher_project\apktool\smali\o\b7.smali,original,True
smali/o/s6.smali,public final Ώ(Lo/s5;)Lo/ac;,2571,Lo/ac;-><init>()V,unresolved_signature,D:\apk\launcher_project\apktool\smali\o\ac.smali,original,True
smali/o/s6.smali,public final Ι(Lo/ac;Ljava/lang/Throwable;)V,3146,Lo/b7;-><init>(Ljava/lang/String;Ljava/lang/Throwable;)V,unresolved_signature,D:\apk\launcher_project\apktool\smali\o\b7.smali,original,True
smali/o/s6.smali,public final Μ(Lo/o6;)V,3189,Lo/ac;-><init>()V,unresolved_signature,D:\apk\launcher_project\apktool\smali\o\ac.smali,original,True
smali/o/sm.smali,public static bridge synthetic ͱ(Landroid/view/Window;)Landroid/view/WindowInsetsController;,51,Landroid/view/Window;->getInsetsController()Landroid/view/WindowInsetsController;,unresolved_signature,android-29,original,True
smali/o/sm.smali,public static bridge synthetic Ͳ(Landroid/view/WindowManager;)Landroid/view/WindowMetrics;,62,Landroid/view/WindowManager;->getCurrentWindowMetrics()Landroid/view/WindowMetrics;,unresolved_signature,android-29,original,True
smali/o/tg.smali,public constructor <init>(Ljava/lang/Object;Lo/O00;)V,17,Lo/rg;-><init>()V,unresolved_signature,D:\apk\launcher_project\apktool\smali\o\rg.smali,original,True
smali/o/ti.smali,public static constructor <clinit>()V,21,Lo/ti;-><init>()V,unresolved_signature,D:\apk\launcher_project\apktool\smali\o\ti.smali,original,True
smali/o/ui.smali,public static constructor <clinit>()V,17,Lo/ui;-><init>()V,unresolved_signature,D:\apk\launcher_project\apktool\smali\o\ui.smali,original,True
smali/o/um.smali,public static constructor <clinit>()V,19,Lo/z;-><init>()V,unresolved_signature,D:\apk\launcher_project\apktool\smali\o\z.smali,original,True
smali/o/v.smali,public constructor <init>(Ljava/lang/Throwable;)V,18,Lo/rg;-><init>()V,unresolved_signature,D:\apk\launcher_project\apktool\smali\o\rg.smali,original,True
smali/o/v0.smali,public constructor <init>(Lkotlin/jvm/functions/Function1;)V,17,Lo/ͻ;-><init>(Lkotlin/jvm/functions/Function1;)V,unresolved_signature,D:\apk\launcher_project\apktool\smali\o\ͻ.smali,original,True
smali/o/vf.smali,public static constructor <clinit>()V,45,Lo/wf;-><init>()V,unresolved_signature,D:\apk\launcher_project\apktool\smali\o\wf.smali,original,True
smali/o/vi.smali,public static constructor <clinit>()V,17,Lo/vi;-><init>()V,unresolved_signature,D:\apk\launcher_project\apktool\smali\o\vi.smali,original,True
smali/o/xf.smali,public constructor <init>(Lo/q7;)V,15,Lo/lI;-><init>()V,unresolved_signature,D:\apk\launcher_project\apktool\smali\o\lI.smali,original,True
smali/o/y5.smali,public constructor <init>(III)V,21,Lo/w5;-><init>()V,unresolved_signature,D:\apk\launcher_project\apktool\smali\o\w5.smali,original,True
smali/o/z.smali,static synthetic constructor <clinit>()V,29,Lo/z;-><init>()V,unresolved_signature,D:\apk\launcher_project\apktool\smali\o\z.smali,original,True
smali/o/z.smali,static synthetic constructor <clinit>()V,42,Lo/z;-><init>()V,unresolved_signature,D:\apk\launcher_project\apktool\smali\o\z.smali,original,True
smali/o/z.smali,static synthetic constructor <clinit>()V,55,Lo/z;-><init>()V,unresolved_signature,D:\apk\launcher_project\apktool\smali\o\z.smali,original,True
smali/o/z.smali,static synthetic constructor <clinit>()V,68,Lo/z;-><init>()V,unresolved_signature,D:\apk\launcher_project\apktool\smali\o\z.smali,original,True
smali/o/z2.smali,public static constructor <clinit>()V,23,Lo/z2;-><init>()V,unresolved_signature,D:\apk\launcher_project\apktool\smali\o\z2.smali,original,True
smali/o/zg.smali,public final iterator()Ljava/util/Iterator;,76,Lo/wg;-><init>()V,unresolved_signature,D:\apk\launcher_project\apktool\smali\o\wg.smali,original,True
smali/o/ʹ.smali,public constructor <init>(Lo/ͻ;Lo/Ͱ;)V,19,Lo/lI;-><init>()V,unresolved_signature,D:\apk\launcher_project\apktool\smali\o\lI.smali,original,True
smali/o/Ύ.smali,public constructor <init>()V,13,Lo/ͼ;-><init>()V,unresolved_signature,D:\apk\launcher_project\apktool\smali\o\ͼ.smali,original,True
smali/o/Α.smali,public constructor <init>(Ljava/lang/Object;)V,15,Lo/rg;-><init>()V,unresolved_signature,D:\apk\launcher_project\apktool\smali\o\rg.smali,original,True
smali/o/Β.smali,public constructor <init>(Lkotlin/jvm/functions/Function1;)V,51,Lo/n7;-><init>()V,unresolved_signature,D:\apk\launcher_project\apktool\smali\o\n7.smali,original,True
smali/o/Κ.smali,public static bridge synthetic Ͷ(Landroid/view/View;)Landroid/view/WindowInsetsController;,92,Landroid/view/View;->getWindowInsetsController()Landroid/view/WindowInsetsController;,unresolved_signature,android-29,original,True
smali/o/Κ.smali,public static bridge synthetic ͷ()Landroid/view/accessibility/AccessibilityNodeInfo$AccessibilityAction;,103,Landroid/view/accessibility/AccessibilityNodeInfo$AccessibilityAction;->ACTION_PRESS_AND_HOLD:Landroid/view/accessibility/AccessibilityNodeInfo$AccessibilityAction;,unresolved_signature,android-29,original,True
smali/o/Κ.smali,public static bridge synthetic ͺ()Ljava/io/FileDescriptor;,116,Landroid/system/Os;->memfd_create(Ljava/lang/String;I)Ljava/io/FileDescriptor;,unresolved_signature,android-29,original,True
smali/o/Κ.smali,public static bridge synthetic ͻ(Landroid/content/pm/ShortcutManager;I)Ljava/util/List;,127,Landroid/content/pm/ShortcutManager;->getShortcuts(I)Ljava/util/List;,unresolved_signature,android-29,original,True
smali/o/Κ.smali,public static bridge synthetic ͽ(Landroid/content/pm/ShortcutManager;Landroid/content/pm/ShortcutInfo;)V,147,Landroid/content/pm/ShortcutManager;->pushDynamicShortcut(Landroid/content/pm/ShortcutInfo;)V,unresolved_signature,android-29,original,True
smali/o/Κ.smali,public static bridge synthetic Ά(Landroid/content/pm/ShortcutManager;Ljava/util/List;)V,156,Landroid/content/pm/ShortcutManager;->removeLongLivedShortcuts(Ljava/util/List;)V,unresolved_signature,android-29,original,True
smali/o/Κ.smali,public static bridge synthetic Έ(Landroid/content/res/Resources;[Landroid/content/res/loader/ResourcesLoader;)V,165,Landroid/content/res/Resources;->addLoaders([Landroid/content/res/loader/ResourcesLoader;)V,unresolved_signature,android-29,original,True
smali/o/Κ.smali,public static bridge synthetic Ί(Landroid/graphics/Outline;Landroid/graphics/Path;)V,183,Landroid/graphics/Outline;->setPath(Landroid/graphics/Path;)V,unresolved_signature,android-29,original,True
smali/o/Κ.smali,public static bridge synthetic Ό(Landroid/view/Surface;)V,196,Landroid/view/Surface;->setFrameRate(FI)V,unresolved_signature,android-29,original,True
smali/o/Κ.smali,public static bridge synthetic Ύ(Landroid/view/View;Landroid/view/WindowInsetsAnimation$Callback;)V,205,Landroid/view/View;->setWindowInsetsAnimationCallback(Landroid/view/WindowInsetsAnimation$Callback;)V,unresolved_signature,android-29,original,True
smali/o/Κ.smali,public static bridge synthetic Ώ(Landroid/view/Window;)V,216,Landroid/view/Window;->setDecorFitsSystemWindows(Z)V,unresolved_signature,android-29,original,True
smali/o/Κ.smali,public static bridge synthetic Β()Z,243,Landroid/os/Environment;->isExternalStorageManager()Z,unresolved_signature,android-29,original,True
smali/o/Κ.smali,public static bridge synthetic Γ(Landroid/content/pm/ShortcutInfo;)Z,254,Landroid/content/pm/ShortcutInfo;->isCached()Z,unresolved_signature,android-29,original,True
smali/o/Κ.smali,public static bridge synthetic Ζ()Landroid/view/accessibility/AccessibilityNodeInfo$AccessibilityAction;,287,Landroid/view/accessibility/AccessibilityNodeInfo$AccessibilityAction;->ACTION_IME_ENTER:Landroid/view/accessibility/AccessibilityNodeInfo$AccessibilityAction;,unresolved_signature,android-29,original,True
smali/o/Λ.smali,public static bridge synthetic ˋ()Landroid/view/accessibility/AccessibilityNodeInfo$AccessibilityAction;,11,Landroid/view/accessibility/AccessibilityNodeInfo$AccessibilityAction;->ACTION_DRAG_START:Landroid/view/accessibility/AccessibilityNodeInfo$AccessibilityAction;,unresolved_signature,android-29,original,True
smali/o/Λ.smali,public static bridge synthetic ˏ()Landroid/view/accessibility/AccessibilityNodeInfo$AccessibilityAction;,20,Landroid/view/accessibility/AccessibilityNodeInfo$AccessibilityAction;->ACTION_DRAG_DROP:Landroid/view/accessibility/AccessibilityNodeInfo$AccessibilityAction;,unresolved_signature,android-29,original,True
smali/o/Λ.smali,public static bridge synthetic Ͱ()Landroid/view/accessibility/AccessibilityNodeInfo$AccessibilityAction;,29,Landroid/view/accessibility/AccessibilityNodeInfo$AccessibilityAction;->ACTION_DRAG_CANCEL:Landroid/view/accessibility/AccessibilityNodeInfo$AccessibilityAction;,unresolved_signature,android-29,original,True
smali/o/Μ.smali,public static bridge synthetic ʹ(Landroid/view/View;)Landroid/window/OnBackInvokedDispatcher;,11,Landroid/view/View;->findOnBackInvokedDispatcher()Landroid/window/OnBackInvokedDispatcher;,unresolved_signature,android-29,original,True
smali/o/Μ.smali,public static bridge synthetic ˋ()I,22,Landroid/provider/MediaStore;->getPickImagesMaxLimit()I,unresolved_signature,android-29,original,True
smali/o/Μ.smali,public static bridge synthetic ͱ()Landroid/view/accessibility/AccessibilityNodeInfo$AccessibilityAction;,53,Landroid/view/accessibility/AccessibilityNodeInfo$AccessibilityAction;->ACTION_SHOW_TEXT_SUGGESTIONS:Landroid/view/accessibility/AccessibilityNodeInfo$AccessibilityAction;,unresolved_signature,android-29,original,True
smali/o/Μ.smali,public static bridge synthetic ͳ(Landroid/app/Activity;)Landroid/window/OnBackInvokedDispatcher;,71,Landroid/app/Activity;->getOnBackInvokedDispatcher()Landroid/window/OnBackInvokedDispatcher;,unresolved_signature,android-29,original,True
smali/o/Μ.smali,public static bridge synthetic Ͷ(Landroidx/activity/ComponentDialog;)Landroid/window/OnBackInvokedDispatcher;,82,Landroid/app/Dialog;->getOnBackInvokedDispatcher()Landroid/window/OnBackInvokedDispatcher;,unresolved_signature,android-29,original,True
smali/o/Μ.smali,public static bridge synthetic ͽ(Ljava/util/Locale;Ljava/util/Locale;)Z,131,Landroid/os/LocaleList;->matchesLanguageAndScript(Ljava/util/Locale;Ljava/util/Locale;)Z,unresolved_signature,android-29,original,True
smali/o/Ν.smali,public static bridge synthetic ˋ()Landroid/view/accessibility/AccessibilityNodeInfo$AccessibilityAction;,11,Landroid/view/accessibility/AccessibilityNodeInfo$AccessibilityAction;->ACTION_SCROLL_IN_DIRECTION:Landroid/view/accessibility/AccessibilityNodeInfo$AccessibilityAction;,unresolved_signature,android-29,original,True
smali/o/Ξ.smali,public static constructor <clinit>()V,20,Lo/Ξ;-><init>()V,unresolved_signature,D:\apk\launcher_project\apktool\smali\o\Ξ.smali,original,True
smali/o/Π.smali,public static ˋ(Ljava/io/InputStream;)Lo/Π;,29,Lo/Π;-><init>()V,unresolved_signature,D:\apk\launcher_project\apktool\smali\o\Π.smali,original,True
smali/o/ϰ.smali,public constructor <init>(IILkotlin/jvm/functions/Function1;)V,25,Lo/ͻ;-><init>(Lkotlin/jvm/functions/Function1;)V,unresolved_signature,D:\apk\launcher_project\apktool\smali\o\ͻ.smali,original,True
smali/o/ϰ.smali,public final ͽ(Ljava/lang/Object;)Ljava/lang/Object;,378,Lo/b7;-><init>()V,unresolved_signature,D:\apk\launcher_project\apktool\smali\o\b7.smali,original,True
smali/o/ϳ.smali,public constructor <init>()V,38,Lo/jc;-><init>()V,unresolved_signature,D:\apk\launcher_project\apktool\smali\o\jc.smali,original,True
smali/o/ͽ.smali,public final Σ(ILo/ͽ;Lo/u4;)V,369,Lo/b7;-><init>()V,unresolved_signature,D:\apk\launcher_project\apktool\smali\o\b7.smali,original,True
smali/com/byd/launcher/AppLauncherActivity.smali,public static ͱ(Landroid/content/Context;)Ljava/util/ArrayList;,156,Lo/Ϡ;-><init>()V,unresolved_signature,D:\apk\launcher_project\apktool\smali\o\Ϡ.smali,original,True
smali/com/byd/launcher/AppLauncherActivity.smali,public static ͱ(Landroid/content/Context;)Ljava/util/ArrayList;,293,Lo/Ϡ;-><init>()V,unresolved_signature,D:\apk\launcher_project\apktool\smali\o\Ϡ.smali,original,True
smali/com/byd/launcher/CoreService.smali,public static ͷ()V,14334,Lo/e1;-><init>(Landroid/os/Looper;)V,unresolved_signature,D:\apk\launcher_project\apktool\smali\o\e1.smali,original,True
smali/com/byd/launcher/CoreService.smali,public static Ά()V,17006,Lo/f1;-><init>()V,unresolved_signature,D:\apk\launcher_project\apktool\smali\o\f1.smali,original,True
smali/o/a2.smali,public static final ͱ(Lkotlin/jvm/functions/Function1;Ljava/lang/Object;Lo/b7;)Lo/b7;,702,Lo/b7;-><init>(Ljava/lang/String;Ljava/lang/Throwable;)V,unresolved_signature,D:\apk\launcher_project\diagnostics\zhiui_final_v2\smali\o\b7.smali,v2,True
smali/o/a3.smali,public static constructor <clinit>()V,20,Lo/a3;-><init>()V,unresolved_signature,D:\apk\launcher_project\diagnostics\zhiui_final_v2\smali\o\a3.smali,v2,True
smali/o/ak.smali,public constructor <init>(Lcom/byd/launcher/MainActivity;Ljava/util/List;)V,108,Lo/uj;-><init>(I)V,unresolved_signature,D:\apk\launcher_project\diagnostics\zhiui_final_v2\smali\o\uj.smali,v2,True
smali/o/b3.smali,public static constructor <clinit>()V,24,Lo/b3;-><init>()V,unresolved_signature,D:\apk\launcher_project\diagnostics\zhiui_final_v2\smali\o\b3.smali,v2,True
smali/o/bc.smali,public static constructor <clinit>()V,21,Lo/bc;-><init>()V,unresolved_signature,D:\apk\launcher_project\diagnostics\zhiui_final_v2\smali\o\bc.smali,v2,True
smali/o/c.smali,public static constructor <clinit>()V,21,Lo/c;-><init>()V,unresolved_signature,D:\apk\launcher_project\diagnostics\zhiui_final_v2\smali\o\c.smali,v2,True
smali/o/c0.smali,public static declared-synchronized ͱ()Z,2358,Lo/z;-><init>()V,unresolved_signature,D:\apk\launcher_project\diagnostics\zhiui_final_v2\smali\o\z.smali,v2,True
smali/o/c0.smali,public static declared-synchronized ͱ()Z,2867,Lo/b0;-><init>()V,unresolved_signature,D:\apk\launcher_project\diagnostics\zhiui_final_v2\smali\o\b0.smali,v2,True
smali/o/c2.smali,public static constructor <clinit>()V,28,Lo/c2;-><init>()V,unresolved_signature,D:\apk\launcher_project\diagnostics\zhiui_final_v2\smali\o\c2.smali,v2,True
smali/o/c3.smali,public static constructor <clinit>()V,23,Lo/c3;-><init>()V,unresolved_signature,D:\apk\launcher_project\diagnostics\zhiui_final_v2\smali\o\c3.smali,v2,True
smali/o/d3.smali,public static constructor <clinit>()V,20,Lo/d3;-><init>()V,unresolved_signature,D:\apk\launcher_project\diagnostics\zhiui_final_v2\smali\o\d3.smali,v2,True
smali/o/e2.smali,public static constructor <clinit>()V,24,Lo/e2;-><init>()V,unresolved_signature,D:\apk\launcher_project\diagnostics\zhiui_final_v2\smali\o\e2.smali,v2,True
smali/o/e3.smali,public static constructor <clinit>()V,23,Lo/e3;-><init>()V,unresolved_signature,D:\apk\launcher_project\diagnostics\zhiui_final_v2\smali\o\e3.smali,v2,True
smali/o/e6.smali,public static final ʹ(Lo/u3;Lo/ud;ZLo/z0;)Ljava/lang/Object;,325,Lo/v3;-><init>(Lo/z0;)V,unresolved_signature,D:\apk\launcher_project\diagnostics\zhiui_final_v2\smali\o\v3.smali,v2,True
smali/o/e6.smali,public static final Ͷ(Lo/k1;Lo/k1;Z)Lo/k1;,1442,Lo/uf;-><init>()V,unresolved_signature,D:\apk\launcher_project\diagnostics\zhiui_final_v2\smali\o\uf.smali,v2,True
smali/o/e6.smali,public static ͻ(Lo/l6;ZLo/o6;I)Lo/n2;,1865,Lo/ac;-><init>()V,unresolved_signature,D:\apk\launcher_project\diagnostics\zhiui_final_v2\smali\o\ac.smali,v2,True
smali/o/e6.smali,public static ͽ(Lo/s1;Lo/j5;Lo/u4;I)Lo/kh;,2410,Lo/kh;-><init>(Lo/k1;Z)V,unresolved_signature,D:\apk\launcher_project\diagnostics\zhiui_final_v2\smali\o\kh.smali,v2,True
smali/o/ee.smali,public final run()V,414,Lo/xe;-><init>(Landroid/content/Context;)V,unresolved_signature,D:\apk\launcher_project\diagnostics\zhiui_final_v2\smali\o\xe.smali,v2,True
smali/o/f9.smali,public constructor <init>(Ljava/lang/Object;)V,15,Lo/n7;-><init>()V,unresolved_signature,D:\apk\launcher_project\diagnostics\zhiui_final_v2\smali\o\n7.smali,v2,True
smali/o/h.smali,public constructor <init>(Ljava/lang/Throwable;)V,15,Lo/i;-><init>()V,unresolved_signature,D:\apk\launcher_project\diagnostics\zhiui_final_v2\smali\o\i.smali,v2,True
smali/o/h2.smali,public final run()V,900,Lo/w7;-><init>()V,unresolved_signature,D:\apk\launcher_project\diagnostics\zhiui_final_v2\smali\o\w7.smali,v2,True
smali/o/h7.smali,public constructor <init>(Lo/k1;Lo/u4;)V,17,Lo/kh;-><init>(Lo/k1;Z)V,unresolved_signature,D:\apk\launcher_project\diagnostics\zhiui_final_v2\smali\o\kh.smali,v2,True
smali/o/i6.smali,public constructor <init>(Lkotlin/jvm/functions/Function1;)V,38,Lo/n6;-><init>()V,unresolved_signature,D:\apk\launcher_project\diagnostics\zhiui_final_v2\smali\o\n6.smali,v2,True
smali/o/i9.smali,public static constructor <clinit>()V,17,Lo/i9;-><init>()V,unresolved_signature,D:\apk\launcher_project\diagnostics\zhiui_final_v2\smali\o\i9.smali,v2,True
smali/o/ig.smali,public constructor <init>(IIJ)V,19,Lo/l3;-><init>()V,unresolved_signature,D:\apk\launcher_project\diagnostics\zhiui_final_v2\smali\o\l3.smali,v2,True
smali/o/IIl.smali,public static constructor <clinit>()V,20,Lo/IIl;-><init>()V,unresolved_signature,D:\apk\launcher_project\diagnostics\zhiui_final_v2\smali\o\IIl.smali,v2,True
smali/o/Ill.smali,public static bridge synthetic ˋ(Landroid/content/res/Configuration;)I,22,Landroid/content/res/Configuration;->fontWeightAdjustment:I,unresolved_signature,android-29,v2,True
smali/o/Ill.smali,public static bridge synthetic ͽ(Landroid/view/WindowInsets;)Landroid/view/RoundedCorner;,137,Landroid/view/WindowInsets;->getRoundedCorner(I)Landroid/view/RoundedCorner;,unresolved_signature,android-29,v2,True
smali/o/Ill.smali,public static bridge synthetic Ά(Landroid/view/WindowInsets;I)Landroid/view/RoundedCorner;,148,Landroid/view/WindowInsets;->getRoundedCorner(I)Landroid/view/RoundedCorner;,unresolved_signature,android-29,v2,True
smali/o/Ill.smali,public static bridge synthetic Έ(Landroid/content/ClipData$Item;)Landroid/view/textclassifier/TextLinks;,159,Landroid/content/ClipData$Item;->getTextLinks()Landroid/view/textclassifier/TextLinks;,unresolved_signature,android-29,v2,True
smali/o/Ill.smali,public static bridge synthetic Β(Landroid/view/WindowInsets;)Landroid/view/RoundedCorner;,237,Landroid/view/WindowInsets;->getRoundedCorner(I)Landroid/view/RoundedCorner;,unresolved_signature,android-29,v2,True
smali/o/j5.smali,public constructor <init>(Landroid/os/Handler;Ljava/lang/String;Z)V,39,Lo/h8;-><init>()V,unresolved_signature,D:\apk\launcher_project\diagnostics\zhiui_final_v2\smali\o\h8.smali,v2,True
smali/o/k0.smali,private final writeReplace()Ljava/lang/Object;,50,Lo/tf;-><init>()V,unresolved_signature,D:\apk\launcher_project\diagnostics\zhiui_final_v2\smali\o\tf.smali,v2,True
smali/o/k7.smali,public synthetic constructor <init>(Lkotlin/jvm/functions/Function1;I)V,19,Lo/ͻ;-><init>(Lkotlin/jvm/functions/Function1;)V,unresolved_signature,D:\apk\launcher_project\diagnostics\zhiui_final_v2\smali\o\ͻ.smali,v2,True
smali/o/ki.smali,public final run()V,345,Lo/mi;-><init>()V,unresolved_signature,D:\apk\launcher_project\diagnostics\zhiui_final_v2\smali\o\mi.smali,v2,True
smali/o/km.smali,public final onCreateViewHolder(Landroid/view/ViewGroup;I)Landroidx/recyclerview/widget/RecyclerView$ViewHolder;,1185,Lo/xl;-><init>(Landroid/view/View;)V,unresolved_signature,D:\apk\launcher_project\diagnostics\zhiui_final_v2\smali\o\xl.smali,v2,True
smali/o/km.smali,public final onCreateViewHolder(Landroid/view/ViewGroup;I)Landroidx/recyclerview/widget/RecyclerView$ViewHolder;,1224,Lo/gm;-><init>(Landroid/view/View;)V,unresolved_signature,D:\apk\launcher_project\diagnostics\zhiui_final_v2\smali\o\gm.smali,v2,True
smali/o/km.smali,public final onCreateViewHolder(Landroid/view/ViewGroup;I)Landroidx/recyclerview/widget/RecyclerView$ViewHolder;,1302,Lo/bm;-><init>(Landroid/view/View;)V,unresolved_signature,D:\apk\launcher_project\diagnostics\zhiui_final_v2\smali\o\bm.smali,v2,True
smali/o/l.smali,public constructor <init>(Lo/O00;)V,15,Lo/n6;-><init>()V,unresolved_signature,D:\apk\launcher_project\diagnostics\zhiui_final_v2\smali\o\n6.smali,v2,True
smali/o/l2.smali,public final Ͳ(Ljava/lang/Throwable;Ljava/lang/Throwable;)V,342,Lo/c7;-><init>(Ljava/lang/String;Ljava/lang/Throwable;)V,unresolved_signature,D:\apk\launcher_project\diagnostics\zhiui_final_v2\smali\o\c7.smali,v2,True
smali/o/m0.smali,public static constructor <clinit>()V,20,Lo/m0;-><init>()V,unresolved_signature,D:\apk\launcher_project\diagnostics\zhiui_final_v2\smali\o\m0.smali,v2,True
smali/o/mf.smali,public static constructor <clinit>()V,22,Lo/mf;-><init>()V,unresolved_signature,D:\apk\launcher_project\diagnostics\zhiui_final_v2\smali\o\mf.smali,v2,True
smali/o/n.smali,public constructor <init>(Lo/s6;)V,18,Lo/n6;-><init>()V,unresolved_signature,D:\apk\launcher_project\diagnostics\zhiui_final_v2\smali\o\n6.smali,v2,True
smali/o/n3.smali,public constructor <init>()V,15,Lo/ΐ;-><init>()V,unresolved_signature,D:\apk\launcher_project\diagnostics\zhiui_final_v2\smali\o\ΐ.smali,v2,True
smali/o/n3.smali,public constructor <init>()V,19,Lo/m3;-><init>()V,unresolved_signature,D:\apk\launcher_project\diagnostics\zhiui_final_v2\smali\o\m3.smali,v2,True
smali/o/nd.smali,public final Ή()V,6142,Lo/cd;-><init>()V,unresolved_signature,D:\apk\launcher_project\diagnostics\zhiui_final_v2\smali\o\cd.smali,v2,True
smali/o/nh.smali,public constructor <init>(Ljava/lang/Object;)V,22,Lo/Γ;-><init>()V,unresolved_signature,D:\apk\launcher_project\diagnostics\zhiui_final_v2\smali\o\Γ.smali,v2,True
smali/o/O00.smali,public final ʹ(Lkotlin/jvm/functions/Function1;Ljava/lang/Throwable;)V,423,Lo/b7;-><init>(Ljava/lang/String;Ljava/lang/Throwable;)V,unresolved_signature,D:\apk\launcher_project\diagnostics\zhiui_final_v2\smali\o\b7.smali,v2,True
smali/o/O00.smali,public final Ͷ(Lo/O0O;Ljava/lang/Throwable;)V,802,Lo/b7;-><init>(Ljava/lang/String;Ljava/lang/Throwable;)V,unresolved_signature,D:\apk\launcher_project\diagnostics\zhiui_final_v2\smali\o\b7.smali,v2,True
smali/o/O00.smali,public final ͷ(Lkotlin/jvm/functions/Function1;Ljava/lang/Throwable;)V,840,Lo/b7;-><init>(Ljava/lang/String;Ljava/lang/Throwable;)V,unresolved_signature,D:\apk\launcher_project\diagnostics\zhiui_final_v2\smali\o\b7.smali,v2,True
smali/o/o6.smali,public final Ό()Lo/s6;,301,Lo/b7;-><init>(Ljava/lang/String;)V,unresolved_signature,D:\apk\launcher_project\diagnostics\zhiui_final_v2\smali\o\b7.smali,v2,True
smali/o/of.smali,static constructor <clinit>()V,21,Lo/nf;-><init>()V,unresolved_signature,D:\apk\launcher_project\diagnostics\zhiui_final_v2\smali\o\nf.smali,v2,True
smali/o/of.smali,static constructor <clinit>()V,78,Lo/pd;-><init>()V,unresolved_signature,D:\apk\launcher_project\diagnostics\zhiui_final_v2\smali\o\pd.smali,v2,True
smali/o/oh.smali,public constructor <init>()V,38,Lo/Δ;-><init>()V,unresolved_signature,D:\apk\launcher_project\diagnostics\zhiui_final_v2\smali\o\Δ.smali,v2,True
smali/o/q3.smali,public static ˋ(Ljava/io/File;)V,83,Lo/p3;-><init>()V,unresolved_signature,D:\apk\launcher_project\diagnostics\zhiui_final_v2\smali\o\p3.smali,v2,True
smali/o/q7.smali,public toString()Ljava/lang/String;,96,Lo/p7;-><init>(Ljava/lang/Object;)V,unresolved_signature,D:\apk\launcher_project\diagnostics\zhiui_final_v2\smali\o\p7.smali,v2,True
smali/o/qm.smali,public static bridge synthetic Ͳ(Landroid/view/WindowInsets;I)Landroid/graphics/Insets;,66,Landroid/view/WindowInsets;->getInsetsIgnoringVisibility(I)Landroid/graphics/Insets;,unresolved_signature,android-29,v2,True
smali/o/qm.smali,public static bridge synthetic Ͷ()Landroid/view/WindowInsets;,88,Landroid/view/WindowInsets;->CONSUMED:Landroid/view/WindowInsets;,unresolved_signature,android-29,v2,True
smali/o/qm.smali,public static bridge synthetic ͼ(Landroid/view/WindowInsets$Builder;ILandroid/graphics/Insets;)V,128,Landroid/view/WindowInsets$Builder;->setInsetsIgnoringVisibility(ILandroid/graphics/Insets;)Landroid/view/WindowInsets$Builder;,unresolved_signature,android-29,v2,True
smali/o/qm.smali,public static bridge synthetic ͽ(Landroid/view/WindowInsets$Builder;IZ)V,137,Landroid/view/WindowInsets$Builder;->setVisible(IZ)Landroid/view/WindowInsets$Builder;,unresolved_signature,android-29,v2,True
smali/o/qm.smali,public static bridge synthetic Ί(Landroid/view/WindowInsets;I)Z,173,Landroid/view/WindowInsets;->isVisible(I)Z,unresolved_signature,android-29,v2,True
smali/o/qm.smali,public static bridge synthetic ΐ(Landroid/view/WindowInsets;I)Landroid/graphics/Insets;,217,Landroid/view/WindowInsets;->getInsets(I)Landroid/graphics/Insets;,unresolved_signature,android-29,v2,True
smali/o/qm.smali,public static bridge synthetic Β(Landroid/view/WindowInsets$Builder;ILandroid/graphics/Insets;)V,239,Landroid/view/WindowInsets$Builder;->setInsets(ILandroid/graphics/Insets;)Landroid/view/WindowInsets$Builder;,unresolved_signature,android-29,v2,True
smali/o/r1.smali,public constructor <init>(IIJLjava/lang/String;)V,158,Lo/i5;-><init>()V,unresolved_signature,D:\apk\launcher_project\diagnostics\zhiui_final_v2\smali\o\i5.smali,v2,True
smali/o/r1.smali,public constructor <init>(IIJLjava/lang/String;)V,164,Lo/i5;-><init>()V,unresolved_signature,D:\apk\launcher_project\diagnostics\zhiui_final_v2\smali\o\i5.smali,v2,True
smali/o/ri.smali,public static constructor <clinit>()V,17,Lo/ri;-><init>()V,unresolved_signature,D:\apk\launcher_project\diagnostics\zhiui_final_v2\smali\o\ri.smali,v2,True
smali/o/s6.smali,public final Ά(Lo/s5;Ljava/lang/Object;)V,1332,Lo/b7;-><init>(Ljava/lang/String;Ljava/lang/Throwable;)V,unresolved_signature,D:\apk\launcher_project\diagnostics\zhiui_final_v2\smali\o\b7.smali,v2,True
smali/o/s6.smali,public final Ά(Lo/s5;Ljava/lang/Object;)V,1462,Lo/b7;-><init>(Ljava/lang/String;Ljava/lang/Throwable;)V,unresolved_signature,D:\apk\launcher_project\diagnostics\zhiui_final_v2\smali\o\b7.smali,v2,True
smali/o/s6.smali,public final Ώ(Lo/s5;)Lo/ac;,2571,Lo/ac;-><init>()V,unresolved_signature,D:\apk\launcher_project\diagnostics\zhiui_final_v2\smali\o\ac.smali,v2,True
smali/o/s6.smali,public final Ι(Lo/ac;Ljava/lang/Throwable;)V,3146,Lo/b7;-><init>(Ljava/lang/String;Ljava/lang/Throwable;)V,unresolved_signature,D:\apk\launcher_project\diagnostics\zhiui_final_v2\smali\o\b7.smali,v2,True
smali/o/s6.smali,public final Μ(Lo/o6;)V,3189,Lo/ac;-><init>()V,unresolved_signature,D:\apk\launcher_project\diagnostics\zhiui_final_v2\smali\o\ac.smali,v2,True
smali/o/sm.smali,public static bridge synthetic ͱ(Landroid/view/Window;)Landroid/view/WindowInsetsController;,51,Landroid/view/Window;->getInsetsController()Landroid/view/WindowInsetsController;,unresolved_signature,android-29,v2,True
smali/o/sm.smali,public static bridge synthetic Ͳ(Landroid/view/WindowManager;)Landroid/view/WindowMetrics;,62,Landroid/view/WindowManager;->getCurrentWindowMetrics()Landroid/view/WindowMetrics;,unresolved_signature,android-29,v2,True
smali/o/tg.smali,public constructor <init>(Ljava/lang/Object;Lo/O00;)V,17,Lo/rg;-><init>()V,unresolved_signature,D:\apk\launcher_project\diagnostics\zhiui_final_v2\smali\o\rg.smali,v2,True
smali/o/ti.smali,public static constructor <clinit>()V,21,Lo/ti;-><init>()V,unresolved_signature,D:\apk\launcher_project\diagnostics\zhiui_final_v2\smali\o\ti.smali,v2,True
smali/o/ui.smali,public static constructor <clinit>()V,17,Lo/ui;-><init>()V,unresolved_signature,D:\apk\launcher_project\diagnostics\zhiui_final_v2\smali\o\ui.smali,v2,True
smali/o/um.smali,public static constructor <clinit>()V,19,Lo/z;-><init>()V,unresolved_signature,D:\apk\launcher_project\diagnostics\zhiui_final_v2\smali\o\z.smali,v2,True
smali/o/v.smali,public constructor <init>(Ljava/lang/Throwable;)V,18,Lo/rg;-><init>()V,unresolved_signature,D:\apk\launcher_project\diagnostics\zhiui_final_v2\smali\o\rg.smali,v2,True
smali/o/v0.smali,public constructor <init>(Lkotlin/jvm/functions/Function1;)V,17,Lo/ͻ;-><init>(Lkotlin/jvm/functions/Function1;)V,unresolved_signature,D:\apk\launcher_project\diagnostics\zhiui_final_v2\smali\o\ͻ.smali,v2,True
smali/o/vf.smali,public static constructor <clinit>()V,45,Lo/wf;-><init>()V,unresolved_signature,D:\apk\launcher_project\diagnostics\zhiui_final_v2\smali\o\wf.smali,v2,True
smali/o/vi.smali,public static constructor <clinit>()V,17,Lo/vi;-><init>()V,unresolved_signature,D:\apk\launcher_project\diagnostics\zhiui_final_v2\smali\o\vi.smali,v2,True
smali/o/xf.smali,public constructor <init>(Lo/q7;)V,15,Lo/lI;-><init>()V,unresolved_signature,D:\apk\launcher_project\diagnostics\zhiui_final_v2\smali\o\lI.smali,v2,True
smali/o/y5.smali,public constructor <init>(III)V,21,Lo/w5;-><init>()V,unresolved_signature,D:\apk\launcher_project\diagnostics\zhiui_final_v2\smali\o\w5.smali,v2,True
smali/o/z.smali,static synthetic constructor <clinit>()V,29,Lo/z;-><init>()V,unresolved_signature,D:\apk\launcher_project\diagnostics\zhiui_final_v2\smali\o\z.smali,v2,True
smali/o/z.smali,static synthetic constructor <clinit>()V,42,Lo/z;-><init>()V,unresolved_signature,D:\apk\launcher_project\diagnostics\zhiui_final_v2\smali\o\z.smali,v2,True
smali/o/z.smali,static synthetic constructor <clinit>()V,55,Lo/z;-><init>()V,unresolved_signature,D:\apk\launcher_project\diagnostics\zhiui_final_v2\smali\o\z.smali,v2,True
smali/o/z.smali,static synthetic constructor <clinit>()V,68,Lo/z;-><init>()V,unresolved_signature,D:\apk\launcher_project\diagnostics\zhiui_final_v2\smali\o\z.smali,v2,True
smali/o/z2.smali,public static constructor <clinit>()V,23,Lo/z2;-><init>()V,unresolved_signature,D:\apk\launcher_project\diagnostics\zhiui_final_v2\smali\o\z2.smali,v2,True
smali/o/zg.smali,public final iterator()Ljava/util/Iterator;,76,Lo/wg;-><init>()V,unresolved_signature,D:\apk\launcher_project\diagnostics\zhiui_final_v2\smali\o\wg.smali,v2,True
smali/o/ʹ.smali,public constructor <init>(Lo/ͻ;Lo/Ͱ;)V,19,Lo/lI;-><init>()V,unresolved_signature,D:\apk\launcher_project\diagnostics\zhiui_final_v2\smali\o\lI.smali,v2,True
smali/o/Ύ.smali,public constructor <init>()V,13,Lo/ͼ;-><init>()V,unresolved_signature,D:\apk\launcher_project\diagnostics\zhiui_final_v2\smali\o\ͼ.smali,v2,True
smali/o/Α.smali,public constructor <init>(Ljava/lang/Object;)V,15,Lo/rg;-><init>()V,unresolved_signature,D:\apk\launcher_project\diagnostics\zhiui_final_v2\smali\o\rg.smali,v2,True
smali/o/Β.smali,public constructor <init>(Lkotlin/jvm/functions/Function1;)V,51,Lo/n7;-><init>()V,unresolved_signature,D:\apk\launcher_project\diagnostics\zhiui_final_v2\smali\o\n7.smali,v2,True
smali/o/Κ.smali,public static bridge synthetic Ͷ(Landroid/view/View;)Landroid/view/WindowInsetsController;,92,Landroid/view/View;->getWindowInsetsController()Landroid/view/WindowInsetsController;,unresolved_signature,android-29,v2,True
smali/o/Κ.smali,public static bridge synthetic ͷ()Landroid/view/accessibility/AccessibilityNodeInfo$AccessibilityAction;,103,Landroid/view/accessibility/AccessibilityNodeInfo$AccessibilityAction;->ACTION_PRESS_AND_HOLD:Landroid/view/accessibility/AccessibilityNodeInfo$AccessibilityAction;,unresolved_signature,android-29,v2,True
smali/o/Κ.smali,public static bridge synthetic ͺ()Ljava/io/FileDescriptor;,116,Landroid/system/Os;->memfd_create(Ljava/lang/String;I)Ljava/io/FileDescriptor;,unresolved_signature,android-29,v2,True
smali/o/Κ.smali,public static bridge synthetic ͻ(Landroid/content/pm/ShortcutManager;I)Ljava/util/List;,127,Landroid/content/pm/ShortcutManager;->getShortcuts(I)Ljava/util/List;,unresolved_signature,android-29,v2,True
smali/o/Κ.smali,public static bridge synthetic ͽ(Landroid/content/pm/ShortcutManager;Landroid/content/pm/ShortcutInfo;)V,147,Landroid/content/pm/ShortcutManager;->pushDynamicShortcut(Landroid/content/pm/ShortcutInfo;)V,unresolved_signature,android-29,v2,True
smali/o/Κ.smali,public static bridge synthetic Ά(Landroid/content/pm/ShortcutManager;Ljava/util/List;)V,156,Landroid/content/pm/ShortcutManager;->removeLongLivedShortcuts(Ljava/util/List;)V,unresolved_signature,android-29,v2,True
smali/o/Κ.smali,public static bridge synthetic Έ(Landroid/content/res/Resources;[Landroid/content/res/loader/ResourcesLoader;)V,165,Landroid/content/res/Resources;->addLoaders([Landroid/content/res/loader/ResourcesLoader;)V,unresolved_signature,android-29,v2,True
smali/o/Κ.smali,public static bridge synthetic Ί(Landroid/graphics/Outline;Landroid/graphics/Path;)V,183,Landroid/graphics/Outline;->setPath(Landroid/graphics/Path;)V,unresolved_signature,android-29,v2,True
smali/o/Κ.smali,public static bridge synthetic Ό(Landroid/view/Surface;)V,196,Landroid/view/Surface;->setFrameRate(FI)V,unresolved_signature,android-29,v2,True
smali/o/Κ.smali,public static bridge synthetic Ύ(Landroid/view/View;Landroid/view/WindowInsetsAnimation$Callback;)V,205,Landroid/view/View;->setWindowInsetsAnimationCallback(Landroid/view/WindowInsetsAnimation$Callback;)V,unresolved_signature,android-29,v2,True
smali/o/Κ.smali,public static bridge synthetic Ώ(Landroid/view/Window;)V,216,Landroid/view/Window;->setDecorFitsSystemWindows(Z)V,unresolved_signature,android-29,v2,True
smali/o/Κ.smali,public static bridge synthetic Β()Z,243,Landroid/os/Environment;->isExternalStorageManager()Z,unresolved_signature,android-29,v2,True
smali/o/Κ.smali,public static bridge synthetic Γ(Landroid/content/pm/ShortcutInfo;)Z,254,Landroid/content/pm/ShortcutInfo;->isCached()Z,unresolved_signature,android-29,v2,True
smali/o/Κ.smali,public static bridge synthetic Ζ()Landroid/view/accessibility/AccessibilityNodeInfo$AccessibilityAction;,287,Landroid/view/accessibility/AccessibilityNodeInfo$AccessibilityAction;->ACTION_IME_ENTER:Landroid/view/accessibility/AccessibilityNodeInfo$AccessibilityAction;,unresolved_signature,android-29,v2,True
smali/o/Λ.smali,public static bridge synthetic ˋ()Landroid/view/accessibility/AccessibilityNodeInfo$AccessibilityAction;,11,Landroid/view/accessibility/AccessibilityNodeInfo$AccessibilityAction;->ACTION_DRAG_START:Landroid/view/accessibility/AccessibilityNodeInfo$AccessibilityAction;,unresolved_signature,android-29,v2,True
smali/o/Λ.smali,public static bridge synthetic ˏ()Landroid/view/accessibility/AccessibilityNodeInfo$AccessibilityAction;,20,Landroid/view/accessibility/AccessibilityNodeInfo$AccessibilityAction;->ACTION_DRAG_DROP:Landroid/view/accessibility/AccessibilityNodeInfo$AccessibilityAction;,unresolved_signature,android-29,v2,True
smali/o/Λ.smali,public static bridge synthetic Ͱ()Landroid/view/accessibility/AccessibilityNodeInfo$AccessibilityAction;,29,Landroid/view/accessibility/AccessibilityNodeInfo$AccessibilityAction;->ACTION_DRAG_CANCEL:Landroid/view/accessibility/AccessibilityNodeInfo$AccessibilityAction;,unresolved_signature,android-29,v2,True
smali/o/Μ.smali,public static bridge synthetic ʹ(Landroid/view/View;)Landroid/window/OnBackInvokedDispatcher;,11,Landroid/view/View;->findOnBackInvokedDispatcher()Landroid/window/OnBackInvokedDispatcher;,unresolved_signature,android-29,v2,True
smali/o/Μ.smali,public static bridge synthetic ˋ()I,22,Landroid/provider/MediaStore;->getPickImagesMaxLimit()I,unresolved_signature,android-29,v2,True
smali/o/Μ.smali,public static bridge synthetic ͱ()Landroid/view/accessibility/AccessibilityNodeInfo$AccessibilityAction;,53,Landroid/view/accessibility/AccessibilityNodeInfo$AccessibilityAction;->ACTION_SHOW_TEXT_SUGGESTIONS:Landroid/view/accessibility/AccessibilityNodeInfo$AccessibilityAction;,unresolved_signature,android-29,v2,True
smali/o/Μ.smali,public static bridge synthetic ͳ(Landroid/app/Activity;)Landroid/window/OnBackInvokedDispatcher;,71,Landroid/app/Activity;->getOnBackInvokedDispatcher()Landroid/window/OnBackInvokedDispatcher;,unresolved_signature,android-29,v2,True
smali/o/Μ.smali,public static bridge synthetic Ͷ(Landroidx/activity/ComponentDialog;)Landroid/window/OnBackInvokedDispatcher;,82,Landroid/app/Dialog;->getOnBackInvokedDispatcher()Landroid/window/OnBackInvokedDispatcher;,unresolved_signature,android-29,v2,True
smali/o/Μ.smali,public static bridge synthetic ͽ(Ljava/util/Locale;Ljava/util/Locale;)Z,131,Landroid/os/LocaleList;->matchesLanguageAndScript(Ljava/util/Locale;Ljava/util/Locale;)Z,unresolved_signature,android-29,v2,True
smali/o/Ν.smali,public static bridge synthetic ˋ()Landroid/view/accessibility/AccessibilityNodeInfo$AccessibilityAction;,11,Landroid/view/accessibility/AccessibilityNodeInfo$AccessibilityAction;->ACTION_SCROLL_IN_DIRECTION:Landroid/view/accessibility/AccessibilityNodeInfo$AccessibilityAction;,unresolved_signature,android-29,v2,True
smali/o/Ξ.smali,public static constructor <clinit>()V,20,Lo/Ξ;-><init>()V,unresolved_signature,D:\apk\launcher_project\diagnostics\zhiui_final_v2\smali\o\Ξ.smali,v2,True
smali/o/Π.smali,public static ˋ(Ljava/io/InputStream;)Lo/Π;,29,Lo/Π;-><init>()V,unresolved_signature,D:\apk\launcher_project\diagnostics\zhiui_final_v2\smali\o\Π.smali,v2,True
smali/o/ϰ.smali,public constructor <init>(IILkotlin/jvm/functions/Function1;)V,25,Lo/ͻ;-><init>(Lkotlin/jvm/functions/Function1;)V,unresolved_signature,D:\apk\launcher_project\diagnostics\zhiui_final_v2\smali\o\ͻ.smali,v2,True
smali/o/ϰ.smali,public final ͽ(Ljava/lang/Object;)Ljava/lang/Object;,378,Lo/b7;-><init>()V,unresolved_signature,D:\apk\launcher_project\diagnostics\zhiui_final_v2\smali\o\b7.smali,v2,True
smali/o/ϳ.smali,public constructor <init>()V,38,Lo/jc;-><init>()V,unresolved_signature,D:\apk\launcher_project\diagnostics\zhiui_final_v2\smali\o\jc.smali,v2,True
smali/o/ͽ.smali,public final Σ(ILo/ͽ;Lo/u4;)V,369,Lo/b7;-><init>()V,unresolved_signature,D:\apk\launcher_project\diagnostics\zhiui_final_v2\smali\o\b7.smali,v2,True
smali/com/byd/launcher/AppLauncherActivity.smali,public static ͱ(Landroid/content/Context;)Ljava/util/ArrayList;,156,Lo/Ϡ;-><init>()V,unresolved_signature,D:\apk\launcher_project\diagnostics\zhiui_final_v2\smali\o\Ϡ.smali,v2,True
smali/com/byd/launcher/AppLauncherActivity.smali,public static ͱ(Landroid/content/Context;)Ljava/util/ArrayList;,293,Lo/Ϡ;-><init>()V,unresolved_signature,D:\apk\launcher_project\diagnostics\zhiui_final_v2\smali\o\Ϡ.smali,v2,True
smali/com/byd/launcher/CoreService.smali,public static ͷ()V,14334,Lo/e1;-><init>(Landroid/os/Looper;)V,unresolved_signature,D:\apk\launcher_project\diagnostics\zhiui_final_v2\smali\o\e1.smali,v2,True
smali/com/byd/launcher/CoreService.smali,public static Ά()V,17006,Lo/f1;-><init>()V,unresolved_signature,D:\apk\launcher_project\diagnostics\zhiui_final_v2\smali\o\f1.smali,v2,True
smali/com/byd/launcher/NavBarService.smali,public final attachStatusBarToMainActivity()V,4048,Lcom/byd/launcher/MainActivity;->秃()Lcom/byd/launcher/MainActivity;,unresolved_signature,D:\apk\launcher_project\diagnostics\zhiui_final_v2\smali\com\byd\launcher\MainActivity.smali,v2,False
smali/com/byd/launcher/NavBarService.smali,public final attachStatusBarToMainActivity()V,4131,Landroid/view/ViewManager;->removeViewImmediate(Landroid/view/View;)V,unresolved_signature,android-29,v2,False
smali/com/byd/launcher/NavBarService.smali,public final attachStatusBarToMainActivity()V,4163,Landroid/view/ViewManager;->removeViewImmediate(Landroid/view/View;)V,unresolved_signature,android-29,v2,False
smali/o/a2.smali,public static final ͱ(Lkotlin/jvm/functions/Function1;Ljava/lang/Object;Lo/b7;)Lo/b7;,702,Lo/b7;-><init>(Ljava/lang/String;Ljava/lang/Throwable;)V,unresolved_signature,D:\apk\launcher_project\diagnostics\zhiui_final_v3_11_lyrics-click-music-app\smali\o\b7.smali,v311,True
smali/o/a3.smali,public static constructor <clinit>()V,20,Lo/a3;-><init>()V,unresolved_signature,D:\apk\launcher_project\diagnostics\zhiui_final_v3_11_lyrics-click-music-app\smali\o\a3.smali,v311,True
smali/o/ak.smali,public constructor <init>(Lcom/byd/launcher/MainActivity;Ljava/util/List;)V,108,Lo/uj;-><init>(I)V,unresolved_signature,D:\apk\launcher_project\diagnostics\zhiui_final_v3_11_lyrics-click-music-app\smali\o\uj.smali,v311,True
smali/o/b3.smali,public static constructor <clinit>()V,24,Lo/b3;-><init>()V,unresolved_signature,D:\apk\launcher_project\diagnostics\zhiui_final_v3_11_lyrics-click-music-app\smali\o\b3.smali,v311,True
smali/o/bc.smali,public static constructor <clinit>()V,21,Lo/bc;-><init>()V,unresolved_signature,D:\apk\launcher_project\diagnostics\zhiui_final_v3_11_lyrics-click-music-app\smali\o\bc.smali,v311,True
smali/o/c.smali,public static constructor <clinit>()V,21,Lo/c;-><init>()V,unresolved_signature,D:\apk\launcher_project\diagnostics\zhiui_final_v3_11_lyrics-click-music-app\smali\o\c.smali,v311,True
smali/o/c0.smali,public static declared-synchronized ͱ()Z,2358,Lo/z;-><init>()V,unresolved_signature,D:\apk\launcher_project\diagnostics\zhiui_final_v3_11_lyrics-click-music-app\smali\o\z.smali,v311,True
smali/o/c0.smali,public static declared-synchronized ͱ()Z,2867,Lo/b0;-><init>()V,unresolved_signature,D:\apk\launcher_project\diagnostics\zhiui_final_v3_11_lyrics-click-music-app\smali\o\b0.smali,v311,True
smali/o/c2.smali,public static constructor <clinit>()V,28,Lo/c2;-><init>()V,unresolved_signature,D:\apk\launcher_project\diagnostics\zhiui_final_v3_11_lyrics-click-music-app\smali\o\c2.smali,v311,True
smali/o/c3.smali,public static constructor <clinit>()V,23,Lo/c3;-><init>()V,unresolved_signature,D:\apk\launcher_project\diagnostics\zhiui_final_v3_11_lyrics-click-music-app\smali\o\c3.smali,v311,True
smali/o/d3.smali,public static constructor <clinit>()V,20,Lo/d3;-><init>()V,unresolved_signature,D:\apk\launcher_project\diagnostics\zhiui_final_v3_11_lyrics-click-music-app\smali\o\d3.smali,v311,True
smali/o/e2.smali,public static constructor <clinit>()V,24,Lo/e2;-><init>()V,unresolved_signature,D:\apk\launcher_project\diagnostics\zhiui_final_v3_11_lyrics-click-music-app\smali\o\e2.smali,v311,True
smali/o/e3.smali,public static constructor <clinit>()V,23,Lo/e3;-><init>()V,unresolved_signature,D:\apk\launcher_project\diagnostics\zhiui_final_v3_11_lyrics-click-music-app\smali\o\e3.smali,v311,True
smali/o/e6.smali,public static final ʹ(Lo/u3;Lo/ud;ZLo/z0;)Ljava/lang/Object;,325,Lo/v3;-><init>(Lo/z0;)V,unresolved_signature,D:\apk\launcher_project\diagnostics\zhiui_final_v3_11_lyrics-click-music-app\smali\o\v3.smali,v311,True
smali/o/e6.smali,public static final Ͷ(Lo/k1;Lo/k1;Z)Lo/k1;,1442,Lo/uf;-><init>()V,unresolved_signature,D:\apk\launcher_project\diagnostics\zhiui_final_v3_11_lyrics-click-music-app\smali\o\uf.smali,v311,True
smali/o/e6.smali,public static ͻ(Lo/l6;ZLo/o6;I)Lo/n2;,1865,Lo/ac;-><init>()V,unresolved_signature,D:\apk\launcher_project\diagnostics\zhiui_final_v3_11_lyrics-click-music-app\smali\o\ac.smali,v311,True
smali/o/e6.smali,public static ͽ(Lo/s1;Lo/j5;Lo/u4;I)Lo/kh;,2410,Lo/kh;-><init>(Lo/k1;Z)V,unresolved_signature,D:\apk\launcher_project\diagnostics\zhiui_final_v3_11_lyrics-click-music-app\smali\o\kh.smali,v311,True
smali/o/ee.smali,public final run()V,414,Lo/xe;-><init>(Landroid/content/Context;)V,unresolved_signature,D:\apk\launcher_project\diagnostics\zhiui_final_v3_11_lyrics-click-music-app\smali\o\xe.smali,v311,True
smali/o/f9.smali,public constructor <init>(Ljava/lang/Object;)V,15,Lo/n7;-><init>()V,unresolved_signature,D:\apk\launcher_project\diagnostics\zhiui_final_v3_11_lyrics-click-music-app\smali\o\n7.smali,v311,True
smali/o/h.smali,public constructor <init>(Ljava/lang/Throwable;)V,15,Lo/i;-><init>()V,unresolved_signature,D:\apk\launcher_project\diagnostics\zhiui_final_v3_11_lyrics-click-music-app\smali\o\i.smali,v311,True
smali/o/h2.smali,public final run()V,900,Lo/w7;-><init>()V,unresolved_signature,D:\apk\launcher_project\diagnostics\zhiui_final_v3_11_lyrics-click-music-app\smali\o\w7.smali,v311,True
smali/o/h7.smali,public constructor <init>(Lo/k1;Lo/u4;)V,17,Lo/kh;-><init>(Lo/k1;Z)V,unresolved_signature,D:\apk\launcher_project\diagnostics\zhiui_final_v3_11_lyrics-click-music-app\smali\o\kh.smali,v311,True
smali/o/i6.smali,public constructor <init>(Lkotlin/jvm/functions/Function1;)V,38,Lo/n6;-><init>()V,unresolved_signature,D:\apk\launcher_project\diagnostics\zhiui_final_v3_11_lyrics-click-music-app\smali\o\n6.smali,v311,True
smali/o/i9.smali,public static constructor <clinit>()V,17,Lo/i9;-><init>()V,unresolved_signature,D:\apk\launcher_project\diagnostics\zhiui_final_v3_11_lyrics-click-music-app\smali\o\i9.smali,v311,True
smali/o/ig.smali,public constructor <init>(IIJ)V,19,Lo/l3;-><init>()V,unresolved_signature,D:\apk\launcher_project\diagnostics\zhiui_final_v3_11_lyrics-click-music-app\smali\o\l3.smali,v311,True
smali/o/IIl.smali,public static constructor <clinit>()V,20,Lo/IIl;-><init>()V,unresolved_signature,D:\apk\launcher_project\diagnostics\zhiui_final_v3_11_lyrics-click-music-app\smali\o\IIl.smali,v311,True
smali/o/Ill.smali,public static bridge synthetic ˋ(Landroid/content/res/Configuration;)I,22,Landroid/content/res/Configuration;->fontWeightAdjustment:I,unresolved_signature,android-29,v311,True
smali/o/Ill.smali,public static bridge synthetic ͽ(Landroid/view/WindowInsets;)Landroid/view/RoundedCorner;,137,Landroid/view/WindowInsets;->getRoundedCorner(I)Landroid/view/RoundedCorner;,unresolved_signature,android-29,v311,True
smali/o/Ill.smali,public static bridge synthetic Ά(Landroid/view/WindowInsets;I)Landroid/view/RoundedCorner;,148,Landroid/view/WindowInsets;->getRoundedCorner(I)Landroid/view/RoundedCorner;,unresolved_signature,android-29,v311,True
smali/o/Ill.smali,public static bridge synthetic Έ(Landroid/content/ClipData$Item;)Landroid/view/textclassifier/TextLinks;,159,Landroid/content/ClipData$Item;->getTextLinks()Landroid/view/textclassifier/TextLinks;,unresolved_signature,android-29,v311,True
smali/o/Ill.smali,public static bridge synthetic Β(Landroid/view/WindowInsets;)Landroid/view/RoundedCorner;,237,Landroid/view/WindowInsets;->getRoundedCorner(I)Landroid/view/RoundedCorner;,unresolved_signature,android-29,v311,True
smali/o/j5.smali,public constructor <init>(Landroid/os/Handler;Ljava/lang/String;Z)V,39,Lo/h8;-><init>()V,unresolved_signature,D:\apk\launcher_project\diagnostics\zhiui_final_v3_11_lyrics-click-music-app\smali\o\h8.smali,v311,True
smali/o/k0.smali,private final writeReplace()Ljava/lang/Object;,50,Lo/tf;-><init>()V,unresolved_signature,D:\apk\launcher_project\diagnostics\zhiui_final_v3_11_lyrics-click-music-app\smali\o\tf.smali,v311,True
smali/o/k7.smali,public synthetic constructor <init>(Lkotlin/jvm/functions/Function1;I)V,19,Lo/ͻ;-><init>(Lkotlin/jvm/functions/Function1;)V,unresolved_signature,D:\apk\launcher_project\diagnostics\zhiui_final_v3_11_lyrics-click-music-app\smali\o\ͻ.smali,v311,True
smali/o/ki.smali,public final run()V,345,Lo/mi;-><init>()V,unresolved_signature,D:\apk\launcher_project\diagnostics\zhiui_final_v3_11_lyrics-click-music-app\smali\o\mi.smali,v311,True
smali/o/km.smali,public final onCreateViewHolder(Landroid/view/ViewGroup;I)Landroidx/recyclerview/widget/RecyclerView$ViewHolder;,1185,Lo/xl;-><init>(Landroid/view/View;)V,unresolved_signature,D:\apk\launcher_project\diagnostics\zhiui_final_v3_11_lyrics-click-music-app\smali\o\xl.smali,v311,True
smali/o/km.smali,public final onCreateViewHolder(Landroid/view/ViewGroup;I)Landroidx/recyclerview/widget/RecyclerView$ViewHolder;,1224,Lo/gm;-><init>(Landroid/view/View;)V,unresolved_signature,D:\apk\launcher_project\diagnostics\zhiui_final_v3_11_lyrics-click-music-app\smali\o\gm.smali,v311,True
smali/o/km.smali,public final onCreateViewHolder(Landroid/view/ViewGroup;I)Landroidx/recyclerview/widget/RecyclerView$ViewHolder;,1302,Lo/bm;-><init>(Landroid/view/View;)V,unresolved_signature,D:\apk\launcher_project\diagnostics\zhiui_final_v3_11_lyrics-click-music-app\smali\o\bm.smali,v311,True
smali/o/l.smali,public constructor <init>(Lo/O00;)V,15,Lo/n6;-><init>()V,unresolved_signature,D:\apk\launcher_project\diagnostics\zhiui_final_v3_11_lyrics-click-music-app\smali\o\n6.smali,v311,True
smali/o/l2.smali,public final Ͳ(Ljava/lang/Throwable;Ljava/lang/Throwable;)V,342,Lo/c7;-><init>(Ljava/lang/String;Ljava/lang/Throwable;)V,unresolved_signature,D:\apk\launcher_project\diagnostics\zhiui_final_v3_11_lyrics-click-music-app\smali\o\c7.smali,v311,True
smali/o/m0.smali,public static constructor <clinit>()V,20,Lo/m0;-><init>()V,unresolved_signature,D:\apk\launcher_project\diagnostics\zhiui_final_v3_11_lyrics-click-music-app\smali\o\m0.smali,v311,True
smali/o/mf.smali,public static constructor <clinit>()V,22,Lo/mf;-><init>()V,unresolved_signature,D:\apk\launcher_project\diagnostics\zhiui_final_v3_11_lyrics-click-music-app\smali\o\mf.smali,v311,True
smali/o/n.smali,public constructor <init>(Lo/s6;)V,18,Lo/n6;-><init>()V,unresolved_signature,D:\apk\launcher_project\diagnostics\zhiui_final_v3_11_lyrics-click-music-app\smali\o\n6.smali,v311,True
smali/o/n3.smali,public constructor <init>()V,15,Lo/ΐ;-><init>()V,unresolved_signature,D:\apk\launcher_project\diagnostics\zhiui_final_v3_11_lyrics-click-music-app\smali\o\ΐ.smali,v311,True
smali/o/n3.smali,public constructor <init>()V,19,Lo/m3;-><init>()V,unresolved_signature,D:\apk\launcher_project\diagnostics\zhiui_final_v3_11_lyrics-click-music-app\smali\o\m3.smali,v311,True
smali/o/nd.smali,public final Ή()V,6142,Lo/cd;-><init>()V,unresolved_signature,D:\apk\launcher_project\diagnostics\zhiui_final_v3_11_lyrics-click-music-app\smali\o\cd.smali,v311,True
smali/o/nh.smali,public constructor <init>(Ljava/lang/Object;)V,22,Lo/Γ;-><init>()V,unresolved_signature,D:\apk\launcher_project\diagnostics\zhiui_final_v3_11_lyrics-click-music-app\smali\o\Γ.smali,v311,True
smali/o/O00.smali,public final ʹ(Lkotlin/jvm/functions/Function1;Ljava/lang/Throwable;)V,423,Lo/b7;-><init>(Ljava/lang/String;Ljava/lang/Throwable;)V,unresolved_signature,D:\apk\launcher_project\diagnostics\zhiui_final_v3_11_lyrics-click-music-app\smali\o\b7.smali,v311,True
smali/o/O00.smali,public final Ͷ(Lo/O0O;Ljava/lang/Throwable;)V,802,Lo/b7;-><init>(Ljava/lang/String;Ljava/lang/Throwable;)V,unresolved_signature,D:\apk\launcher_project\diagnostics\zhiui_final_v3_11_lyrics-click-music-app\smali\o\b7.smali,v311,True
smali/o/O00.smali,public final ͷ(Lkotlin/jvm/functions/Function1;Ljava/lang/Throwable;)V,840,Lo/b7;-><init>(Ljava/lang/String;Ljava/lang/Throwable;)V,unresolved_signature,D:\apk\launcher_project\diagnostics\zhiui_final_v3_11_lyrics-click-music-app\smali\o\b7.smali,v311,True
smali/o/o6.smali,public final Ό()Lo/s6;,301,Lo/b7;-><init>(Ljava/lang/String;)V,unresolved_signature,D:\apk\launcher_project\diagnostics\zhiui_final_v3_11_lyrics-click-music-app\smali\o\b7.smali,v311,True
smali/o/of.smali,static constructor <clinit>()V,21,Lo/nf;-><init>()V,unresolved_signature,D:\apk\launcher_project\diagnostics\zhiui_final_v3_11_lyrics-click-music-app\smali\o\nf.smali,v311,True
smali/o/of.smali,static constructor <clinit>()V,78,Lo/pd;-><init>()V,unresolved_signature,D:\apk\launcher_project\diagnostics\zhiui_final_v3_11_lyrics-click-music-app\smali\o\pd.smali,v311,True
smali/o/oh.smali,public constructor <init>()V,38,Lo/Δ;-><init>()V,unresolved_signature,D:\apk\launcher_project\diagnostics\zhiui_final_v3_11_lyrics-click-music-app\smali\o\Δ.smali,v311,True
smali/o/q3.smali,public static ˋ(Ljava/io/File;)V,83,Lo/p3;-><init>()V,unresolved_signature,D:\apk\launcher_project\diagnostics\zhiui_final_v3_11_lyrics-click-music-app\smali\o\p3.smali,v311,True
smali/o/q7.smali,public toString()Ljava/lang/String;,96,Lo/p7;-><init>(Ljava/lang/Object;)V,unresolved_signature,D:\apk\launcher_project\diagnostics\zhiui_final_v3_11_lyrics-click-music-app\smali\o\p7.smali,v311,True
smali/o/qm.smali,public static bridge synthetic Ͳ(Landroid/view/WindowInsets;I)Landroid/graphics/Insets;,66,Landroid/view/WindowInsets;->getInsetsIgnoringVisibility(I)Landroid/graphics/Insets;,unresolved_signature,android-29,v311,True
smali/o/qm.smali,public static bridge synthetic Ͷ()Landroid/view/WindowInsets;,88,Landroid/view/WindowInsets;->CONSUMED:Landroid/view/WindowInsets;,unresolved_signature,android-29,v311,True
smali/o/qm.smali,public static bridge synthetic ͼ(Landroid/view/WindowInsets$Builder;ILandroid/graphics/Insets;)V,128,Landroid/view/WindowInsets$Builder;->setInsetsIgnoringVisibility(ILandroid/graphics/Insets;)Landroid/view/WindowInsets$Builder;,unresolved_signature,android-29,v311,True
smali/o/qm.smali,public static bridge synthetic ͽ(Landroid/view/WindowInsets$Builder;IZ)V,137,Landroid/view/WindowInsets$Builder;->setVisible(IZ)Landroid/view/WindowInsets$Builder;,unresolved_signature,android-29,v311,True
smali/o/qm.smali,public static bridge synthetic Ί(Landroid/view/WindowInsets;I)Z,173,Landroid/view/WindowInsets;->isVisible(I)Z,unresolved_signature,android-29,v311,True
smali/o/qm.smali,public static bridge synthetic ΐ(Landroid/view/WindowInsets;I)Landroid/graphics/Insets;,217,Landroid/view/WindowInsets;->getInsets(I)Landroid/graphics/Insets;,unresolved_signature,android-29,v311,True
smali/o/qm.smali,public static bridge synthetic Β(Landroid/view/WindowInsets$Builder;ILandroid/graphics/Insets;)V,239,Landroid/view/WindowInsets$Builder;->setInsets(ILandroid/graphics/Insets;)Landroid/view/WindowInsets$Builder;,unresolved_signature,android-29,v311,True
smali/o/r1.smali,public constructor <init>(IIJLjava/lang/String;)V,158,Lo/i5;-><init>()V,unresolved_signature,D:\apk\launcher_project\diagnostics\zhiui_final_v3_11_lyrics-click-music-app\smali\o\i5.smali,v311,True
smali/o/r1.smali,public constructor <init>(IIJLjava/lang/String;)V,164,Lo/i5;-><init>()V,unresolved_signature,D:\apk\launcher_project\diagnostics\zhiui_final_v3_11_lyrics-click-music-app\smali\o\i5.smali,v311,True
smali/o/ri.smali,public static constructor <clinit>()V,17,Lo/ri;-><init>()V,unresolved_signature,D:\apk\launcher_project\diagnostics\zhiui_final_v3_11_lyrics-click-music-app\smali\o\ri.smali,v311,True
smali/o/s6.smali,public final Ά(Lo/s5;Ljava/lang/Object;)V,1332,Lo/b7;-><init>(Ljava/lang/String;Ljava/lang/Throwable;)V,unresolved_signature,D:\apk\launcher_project\diagnostics\zhiui_final_v3_11_lyrics-click-music-app\smali\o\b7.smali,v311,True
smali/o/s6.smali,public final Ά(Lo/s5;Ljava/lang/Object;)V,1462,Lo/b7;-><init>(Ljava/lang/String;Ljava/lang/Throwable;)V,unresolved_signature,D:\apk\launcher_project\diagnostics\zhiui_final_v3_11_lyrics-click-music-app\smali\o\b7.smali,v311,True
smali/o/s6.smali,public final Ώ(Lo/s5;)Lo/ac;,2571,Lo/ac;-><init>()V,unresolved_signature,D:\apk\launcher_project\diagnostics\zhiui_final_v3_11_lyrics-click-music-app\smali\o\ac.smali,v311,True
smali/o/s6.smali,public final Ι(Lo/ac;Ljava/lang/Throwable;)V,3146,Lo/b7;-><init>(Ljava/lang/String;Ljava/lang/Throwable;)V,unresolved_signature,D:\apk\launcher_project\diagnostics\zhiui_final_v3_11_lyrics-click-music-app\smali\o\b7.smali,v311,True
smali/o/s6.smali,public final Μ(Lo/o6;)V,3189,Lo/ac;-><init>()V,unresolved_signature,D:\apk\launcher_project\diagnostics\zhiui_final_v3_11_lyrics-click-music-app\smali\o\ac.smali,v311,True
smali/o/sm.smali,public static bridge synthetic ͱ(Landroid/view/Window;)Landroid/view/WindowInsetsController;,51,Landroid/view/Window;->getInsetsController()Landroid/view/WindowInsetsController;,unresolved_signature,android-29,v311,True
smali/o/sm.smali,public static bridge synthetic Ͳ(Landroid/view/WindowManager;)Landroid/view/WindowMetrics;,62,Landroid/view/WindowManager;->getCurrentWindowMetrics()Landroid/view/WindowMetrics;,unresolved_signature,android-29,v311,True
smali/o/tg.smali,public constructor <init>(Ljava/lang/Object;Lo/O00;)V,17,Lo/rg;-><init>()V,unresolved_signature,D:\apk\launcher_project\diagnostics\zhiui_final_v3_11_lyrics-click-music-app\smali\o\rg.smali,v311,True
smali/o/ti.smali,public static constructor <clinit>()V,21,Lo/ti;-><init>()V,unresolved_signature,D:\apk\launcher_project\diagnostics\zhiui_final_v3_11_lyrics-click-music-app\smali\o\ti.smali,v311,True
smali/o/ui.smali,public static constructor <clinit>()V,17,Lo/ui;-><init>()V,unresolved_signature,D:\apk\launcher_project\diagnostics\zhiui_final_v3_11_lyrics-click-music-app\smali\o\ui.smali,v311,True
smali/o/um.smali,public static constructor <clinit>()V,19,Lo/z;-><init>()V,unresolved_signature,D:\apk\launcher_project\diagnostics\zhiui_final_v3_11_lyrics-click-music-app\smali\o\z.smali,v311,True
smali/o/v.smali,public constructor <init>(Ljava/lang/Throwable;)V,18,Lo/rg;-><init>()V,unresolved_signature,D:\apk\launcher_project\diagnostics\zhiui_final_v3_11_lyrics-click-music-app\smali\o\rg.smali,v311,True
smali/o/v0.smali,public constructor <init>(Lkotlin/jvm/functions/Function1;)V,17,Lo/ͻ;-><init>(Lkotlin/jvm/functions/Function1;)V,unresolved_signature,D:\apk\launcher_project\diagnostics\zhiui_final_v3_11_lyrics-click-music-app\smali\o\ͻ.smali,v311,True
smali/o/vf.smali,public static constructor <clinit>()V,45,Lo/wf;-><init>()V,unresolved_signature,D:\apk\launcher_project\diagnostics\zhiui_final_v3_11_lyrics-click-music-app\smali\o\wf.smali,v311,True
smali/o/vi.smali,public static constructor <clinit>()V,17,Lo/vi;-><init>()V,unresolved_signature,D:\apk\launcher_project\diagnostics\zhiui_final_v3_11_lyrics-click-music-app\smali\o\vi.smali,v311,True
smali/o/xf.smali,public constructor <init>(Lo/q7;)V,15,Lo/lI;-><init>()V,unresolved_signature,D:\apk\launcher_project\diagnostics\zhiui_final_v3_11_lyrics-click-music-app\smali\o\lI.smali,v311,True
smali/o/y5.smali,public constructor <init>(III)V,21,Lo/w5;-><init>()V,unresolved_signature,D:\apk\launcher_project\diagnostics\zhiui_final_v3_11_lyrics-click-music-app\smali\o\w5.smali,v311,True
smali/o/z.smali,static synthetic constructor <clinit>()V,29,Lo/z;-><init>()V,unresolved_signature,D:\apk\launcher_project\diagnostics\zhiui_final_v3_11_lyrics-click-music-app\smali\o\z.smali,v311,True
smali/o/z.smali,static synthetic constructor <clinit>()V,42,Lo/z;-><init>()V,unresolved_signature,D:\apk\launcher_project\diagnostics\zhiui_final_v3_11_lyrics-click-music-app\smali\o\z.smali,v311,True
smali/o/z.smali,static synthetic constructor <clinit>()V,55,Lo/z;-><init>()V,unresolved_signature,D:\apk\launcher_project\diagnostics\zhiui_final_v3_11_lyrics-click-music-app\smali\o\z.smali,v311,True
smali/o/z.smali,static synthetic constructor <clinit>()V,68,Lo/z;-><init>()V,unresolved_signature,D:\apk\launcher_project\diagnostics\zhiui_final_v3_11_lyrics-click-music-app\smali\o\z.smali,v311,True
smali/o/z2.smali,public static constructor <clinit>()V,23,Lo/z2;-><init>()V,unresolved_signature,D:\apk\launcher_project\diagnostics\zhiui_final_v3_11_lyrics-click-music-app\smali\o\z2.smali,v311,True
smali/o/zg.smali,public final iterator()Ljava/util/Iterator;,76,Lo/wg;-><init>()V,unresolved_signature,D:\apk\launcher_project\diagnostics\zhiui_final_v3_11_lyrics-click-music-app\smali\o\wg.smali,v311,True
smali/o/ʹ.smali,public constructor <init>(Lo/ͻ;Lo/Ͱ;)V,19,Lo/lI;-><init>()V,unresolved_signature,D:\apk\launcher_project\diagnostics\zhiui_final_v3_11_lyrics-click-music-app\smali\o\lI.smali,v311,True
smali/o/Ύ.smali,public constructor <init>()V,13,Lo/ͼ;-><init>()V,unresolved_signature,D:\apk\launcher_project\diagnostics\zhiui_final_v3_11_lyrics-click-music-app\smali\o\ͼ.smali,v311,True
smali/o/Α.smali,public constructor <init>(Ljava/lang/Object;)V,15,Lo/rg;-><init>()V,unresolved_signature,D:\apk\launcher_project\diagnostics\zhiui_final_v3_11_lyrics-click-music-app\smali\o\rg.smali,v311,True
smali/o/Β.smali,public constructor <init>(Lkotlin/jvm/functions/Function1;)V,51,Lo/n7;-><init>()V,unresolved_signature,D:\apk\launcher_project\diagnostics\zhiui_final_v3_11_lyrics-click-music-app\smali\o\n7.smali,v311,True
smali/o/Κ.smali,public static bridge synthetic Ͷ(Landroid/view/View;)Landroid/view/WindowInsetsController;,92,Landroid/view/View;->getWindowInsetsController()Landroid/view/WindowInsetsController;,unresolved_signature,android-29,v311,True
smali/o/Κ.smali,public static bridge synthetic ͷ()Landroid/view/accessibility/AccessibilityNodeInfo$AccessibilityAction;,103,Landroid/view/accessibility/AccessibilityNodeInfo$AccessibilityAction;->ACTION_PRESS_AND_HOLD:Landroid/view/accessibility/AccessibilityNodeInfo$AccessibilityAction;,unresolved_signature,android-29,v311,True
smali/o/Κ.smali,public static bridge synthetic ͺ()Ljava/io/FileDescriptor;,116,Landroid/system/Os;->memfd_create(Ljava/lang/String;I)Ljava/io/FileDescriptor;,unresolved_signature,android-29,v311,True
smali/o/Κ.smali,public static bridge synthetic ͻ(Landroid/content/pm/ShortcutManager;I)Ljava/util/List;,127,Landroid/content/pm/ShortcutManager;->getShortcuts(I)Ljava/util/List;,unresolved_signature,android-29,v311,True
smali/o/Κ.smali,public static bridge synthetic ͽ(Landroid/content/pm/ShortcutManager;Landroid/content/pm/ShortcutInfo;)V,147,Landroid/content/pm/ShortcutManager;->pushDynamicShortcut(Landroid/content/pm/ShortcutInfo;)V,unresolved_signature,android-29,v311,True
smali/o/Κ.smali,public static bridge synthetic Ά(Landroid/content/pm/ShortcutManager;Ljava/util/List;)V,156,Landroid/content/pm/ShortcutManager;->removeLongLivedShortcuts(Ljava/util/List;)V,unresolved_signature,android-29,v311,True
smali/o/Κ.smali,public static bridge synthetic Έ(Landroid/content/res/Resources;[Landroid/content/res/loader/ResourcesLoader;)V,165,Landroid/content/res/Resources;->addLoaders([Landroid/content/res/loader/ResourcesLoader;)V,unresolved_signature,android-29,v311,True
smali/o/Κ.smali,public static bridge synthetic Ί(Landroid/graphics/Outline;Landroid/graphics/Path;)V,183,Landroid/graphics/Outline;->setPath(Landroid/graphics/Path;)V,unresolved_signature,android-29,v311,True
smali/o/Κ.smali,public static bridge synthetic Ό(Landroid/view/Surface;)V,196,Landroid/view/Surface;->setFrameRate(FI)V,unresolved_signature,android-29,v311,True
smali/o/Κ.smali,public static bridge synthetic Ύ(Landroid/view/View;Landroid/view/WindowInsetsAnimation$Callback;)V,205,Landroid/view/View;->setWindowInsetsAnimationCallback(Landroid/view/WindowInsetsAnimation$Callback;)V,unresolved_signature,android-29,v311,True
smali/o/Κ.smali,public static bridge synthetic Ώ(Landroid/view/Window;)V,216,Landroid/view/Window;->setDecorFitsSystemWindows(Z)V,unresolved_signature,android-29,v311,True
smali/o/Κ.smali,public static bridge synthetic Β()Z,243,Landroid/os/Environment;->isExternalStorageManager()Z,unresolved_signature,android-29,v311,True
smali/o/Κ.smali,public static bridge synthetic Γ(Landroid/content/pm/ShortcutInfo;)Z,254,Landroid/content/pm/ShortcutInfo;->isCached()Z,unresolved_signature,android-29,v311,True
smali/o/Κ.smali,public static bridge synthetic Ζ()Landroid/view/accessibility/AccessibilityNodeInfo$AccessibilityAction;,287,Landroid/view/accessibility/AccessibilityNodeInfo$AccessibilityAction;->ACTION_IME_ENTER:Landroid/view/accessibility/AccessibilityNodeInfo$AccessibilityAction;,unresolved_signature,android-29,v311,True
smali/o/Λ.smali,public static bridge synthetic ˋ()Landroid/view/accessibility/AccessibilityNodeInfo$AccessibilityAction;,11,Landroid/view/accessibility/AccessibilityNodeInfo$AccessibilityAction;->ACTION_DRAG_START:Landroid/view/accessibility/AccessibilityNodeInfo$AccessibilityAction;,unresolved_signature,android-29,v311,True
smali/o/Λ.smali,public static bridge synthetic ˏ()Landroid/view/accessibility/AccessibilityNodeInfo$AccessibilityAction;,20,Landroid/view/accessibility/AccessibilityNodeInfo$AccessibilityAction;->ACTION_DRAG_DROP:Landroid/view/accessibility/AccessibilityNodeInfo$AccessibilityAction;,unresolved_signature,android-29,v311,True
smali/o/Λ.smali,public static bridge synthetic Ͱ()Landroid/view/accessibility/AccessibilityNodeInfo$AccessibilityAction;,29,Landroid/view/accessibility/AccessibilityNodeInfo$AccessibilityAction;->ACTION_DRAG_CANCEL:Landroid/view/accessibility/AccessibilityNodeInfo$AccessibilityAction;,unresolved_signature,android-29,v311,True
smali/o/Μ.smali,public static bridge synthetic ʹ(Landroid/view/View;)Landroid/window/OnBackInvokedDispatcher;,11,Landroid/view/View;->findOnBackInvokedDispatcher()Landroid/window/OnBackInvokedDispatcher;,unresolved_signature,android-29,v311,True
smali/o/Μ.smali,public static bridge synthetic ˋ()I,22,Landroid/provider/MediaStore;->getPickImagesMaxLimit()I,unresolved_signature,android-29,v311,True
smali/o/Μ.smali,public static bridge synthetic ͱ()Landroid/view/accessibility/AccessibilityNodeInfo$AccessibilityAction;,53,Landroid/view/accessibility/AccessibilityNodeInfo$AccessibilityAction;->ACTION_SHOW_TEXT_SUGGESTIONS:Landroid/view/accessibility/AccessibilityNodeInfo$AccessibilityAction;,unresolved_signature,android-29,v311,True
smali/o/Μ.smali,public static bridge synthetic ͳ(Landroid/app/Activity;)Landroid/window/OnBackInvokedDispatcher;,71,Landroid/app/Activity;->getOnBackInvokedDispatcher()Landroid/window/OnBackInvokedDispatcher;,unresolved_signature,android-29,v311,True
smali/o/Μ.smali,public static bridge synthetic Ͷ(Landroidx/activity/ComponentDialog;)Landroid/window/OnBackInvokedDispatcher;,82,Landroid/app/Dialog;->getOnBackInvokedDispatcher()Landroid/window/OnBackInvokedDispatcher;,unresolved_signature,android-29,v311,True
smali/o/Μ.smali,public static bridge synthetic ͽ(Ljava/util/Locale;Ljava/util/Locale;)Z,131,Landroid/os/LocaleList;->matchesLanguageAndScript(Ljava/util/Locale;Ljava/util/Locale;)Z,unresolved_signature,android-29,v311,True
smali/o/Ν.smali,public static bridge synthetic ˋ()Landroid/view/accessibility/AccessibilityNodeInfo$AccessibilityAction;,11,Landroid/view/accessibility/AccessibilityNodeInfo$AccessibilityAction;->ACTION_SCROLL_IN_DIRECTION:Landroid/view/accessibility/AccessibilityNodeInfo$AccessibilityAction;,unresolved_signature,android-29,v311,True
smali/o/Ξ.smali,public static constructor <clinit>()V,20,Lo/Ξ;-><init>()V,unresolved_signature,D:\apk\launcher_project\diagnostics\zhiui_final_v3_11_lyrics-click-music-app\smali\o\Ξ.smali,v311,True
smali/o/Π.smali,public static ˋ(Ljava/io/InputStream;)Lo/Π;,29,Lo/Π;-><init>()V,unresolved_signature,D:\apk\launcher_project\diagnostics\zhiui_final_v3_11_lyrics-click-music-app\smali\o\Π.smali,v311,True
smali/o/ϰ.smali,public constructor <init>(IILkotlin/jvm/functions/Function1;)V,25,Lo/ͻ;-><init>(Lkotlin/jvm/functions/Function1;)V,unresolved_signature,D:\apk\launcher_project\diagnostics\zhiui_final_v3_11_lyrics-click-music-app\smali\o\ͻ.smali,v311,True
smali/o/ϰ.smali,public final ͽ(Ljava/lang/Object;)Ljava/lang/Object;,378,Lo/b7;-><init>()V,unresolved_signature,D:\apk\launcher_project\diagnostics\zhiui_final_v3_11_lyrics-click-music-app\smali\o\b7.smali,v311,True
smali/o/ϳ.smali,public constructor <init>()V,38,Lo/jc;-><init>()V,unresolved_signature,D:\apk\launcher_project\diagnostics\zhiui_final_v3_11_lyrics-click-music-app\smali\o\jc.smali,v311,True
smali/o/ͽ.smali,public final Σ(ILo/ͽ;Lo/u4;)V,369,Lo/b7;-><init>()V,unresolved_signature,D:\apk\launcher_project\diagnostics\zhiui_final_v3_11_lyrics-click-music-app\smali\o\b7.smali,v311,True
smali/com/byd/launcher/AppLauncherActivity.smali,public static ͱ(Landroid/content/Context;)Ljava/util/ArrayList;,156,Lo/Ϡ;-><init>()V,unresolved_signature,D:\apk\launcher_project\diagnostics\zhiui_final_v3_11_lyrics-click-music-app\smali\o\Ϡ.smali,v311,True
smali/com/byd/launcher/AppLauncherActivity.smali,public static ͱ(Landroid/content/Context;)Ljava/util/ArrayList;,293,Lo/Ϡ;-><init>()V,unresolved_signature,D:\apk\launcher_project\diagnostics\zhiui_final_v3_11_lyrics-click-music-app\smali\o\Ϡ.smali,v311,True
smali/com/byd/launcher/CoreService.smali,public static ͷ()V,14334,Lo/e1;-><init>(Landroid/os/Looper;)V,unresolved_signature,D:\apk\launcher_project\diagnostics\zhiui_final_v3_11_lyrics-click-music-app\smali\o\e1.smali,v311,True
smali/com/byd/launcher/CoreService.smali,public static Ά()V,17006,Lo/f1;-><init>()V,unresolved_signature,D:\apk\launcher_project\diagnostics\zhiui_final_v3_11_lyrics-click-music-app\smali\o\f1.smali,v311,True
smali/com/byd/launcher/NavBarService.smali,public final attachStatusBarToMainActivity()V,4050,Lcom/byd/launcher/MainActivity;->秃()Lcom/byd/launcher/MainActivity;,unresolved_signature,D:\apk\launcher_project\diagnostics\zhiui_final_v3_11_lyrics-click-music-app\smali\com\byd\launcher\MainActivity.smali,v311,False
smali/com/byd/launcher/NavBarService.smali,public final attachStatusBarToMainActivity()V,4185,Landroid/view/ViewManager;->removeViewImmediate(Landroid/view/View;)V,unresolved_signature,android-29,v311,False
smali/com/byd/launcher/NavBarService.smali,public final attachStatusBarToMainActivity()V,4217,Landroid/view/ViewManager;->removeViewImmediate(Landroid/view/View;)V,unresolved_signature,android-29,v311,False
